,mean_fit_time,std_fit_time,mean_score_time,std_score_time,param_gamma,param_learning_rate,param_max_depth,param_n_estimators,params,split0_test_r2,split1_test_r2,split2_test_r2,split3_test_r2,split4_test_r2,mean_test_r2,std_test_r2,rank_test_r2,split0_test_neg_root_mean_squared_error,split1_test_neg_root_mean_squared_error,split2_test_neg_root_mean_squared_error,split3_test_neg_root_mean_squared_error,split4_test_neg_root_mean_squared_error,mean_test_neg_root_mean_squared_error,std_test_neg_root_mean_squared_error,rank_test_neg_root_mean_squared_error
53,0.3275313377380371,0.0118735656474823,0.003776836395263672,6.509436763963882e-05,0.01,0.1,9,500,"{'gamma': 0.01, 'learning_rate': 0.1, 'max_depth': 9, 'n_estimators': 500}",0.9169284047911987,0.7376403228165331,0.8331839084346946,0.9311292773544518,0.8227762160204878,0.8483316258834732,0.07027953622137159,1,-127.20195443293214,-136.66264108138,-309.62476734975075,-141.55472499754822,-93.46569186417697,-161.70195594515764,75.84256611905404,1
52,0.2183161735534668,0.00856765181635428,0.0036033153533935546,0.00021482710535084852,0.01,0.1,9,340,"{'gamma': 0.01, 'learning_rate': 0.1, 'max_depth': 9, 'n_estimators': 340}",0.9169284047911987,0.7376403228165331,0.8331839084346946,0.9311292773544518,0.8227762160204878,0.8483316258834732,0.07027953622137159,1,-127.20195443293214,-136.66264108138,-309.62476734975075,-141.55472499754822,-93.46569186417697,-161.70195594515764,75.84256611905404,1
125,0.3295928955078125,0.01625211402421181,0.003637218475341797,4.592899864296099e-05,0.1,0.1,9,500,"{'gamma': 0.1, 'learning_rate': 0.1, 'max_depth': 9, 'n_estimators': 500}",0.9169268673788197,0.7379181533991417,0.833025592497094,0.9311087164072,0.8224350186748763,0.8482828696714264,0.07021878069936367,3,-127.2031314956458,-136.59026121162609,-309.771656388473,-141.57585358402488,-93.55562028958637,-161.73930459387122,75.88725634134657,3
124,0.25043835639953616,0.02748864174914998,0.0037817955017089844,0.00030307388663371453,0.1,0.1,9,340,"{'gamma': 0.1, 'learning_rate': 0.1, 'max_depth': 9, 'n_estimators': 340}",0.9169268673788197,0.7379181533991417,0.833025592497094,0.9311087164072,0.8224350186748763,0.8482828696714264,0.07021878069936367,3,-127.2031314956458,-136.59026121162609,-309.771656388473,-141.57585358402488,-93.55562028958637,-161.73930459387122,75.88725634134657,3
51,0.10127573013305664,0.007185243649472558,0.0037775516510009767,0.0001485000909689695,0.01,0.1,9,160,"{'gamma': 0.01, 'learning_rate': 0.1, 'max_depth': 9, 'n_estimators': 160}",0.9169198581478497,0.737639834123791,0.8330095879036827,0.9310855673059886,0.8227590918408142,0.8482827878644252,0.07027651187777975,5,-127.20849771511108,-136.66276836086604,-309.7865019288447,-141.59963800436051,-93.47020729829151,-161.74552266149476,75.90185446278923,5
123,0.11401124000549316,0.009290903531962923,0.004043292999267578,0.0006611885729130096,0.1,0.1,9,160,"{'gamma': 0.1, 'learning_rate': 0.1, 'max_depth': 9, 'n_estimators': 160}",0.9168957432213187,0.7378902791710835,0.8329595688394082,0.9310953452866999,0.8224084512112404,0.84824987754595,0.07022313038923828,6,-127.226958209626,-136.59752468086631,-309.83289402584916,-141.58959215771566,-93.56261897411373,-161.76191760963417,75.9065098625934,6
119,0.3202359676361084,0.012146620746158358,0.003719615936279297,0.00029043741478515674,0.1,0.1,6,500,"{'gamma': 0.1, 'learning_rate': 0.1, 'max_depth': 6, 'n_estimators': 500}",0.9164534102111384,0.7379471713345848,0.8330580087451018,0.9311196272291274,0.8198457121689372,0.8476847859377779,0.07031613914872374,7,-127.56509971557507,-136.5826993046266,-309.74158554586575,-141.5646419327557,-94.23527974666032,-161.9378612490967,75.72188520642065,7
118,0.25046596527099607,0.04833678453948956,0.003931283950805664,0.0002904079227128236,0.1,0.1,6,340,"{'gamma': 0.1, 'learning_rate': 0.1, 'max_depth': 6, 'n_estimators': 340}",0.9164534102111384,0.7379471713345848,0.8330580087451018,0.9311196272291274,0.8198457121689372,0.8476847859377779,0.07031613914872374,7,-127.56509971557507,-136.5826993046266,-309.74158554586575,-141.5646419327557,-94.23527974666032,-161.9378612490967,75.72188520642065,7
117,0.10702052116394042,0.01020209059419942,0.003736591339111328,8.874202142239017e-05,0.1,0.1,6,160,"{'gamma': 0.1, 'learning_rate': 0.1, 'max_depth': 6, 'n_estimators': 160}",0.9164366191579829,0.7379221286777315,0.8329896249367693,0.9311059478404942,0.8198135017960789,0.8476535644818114,0.0703228229179984,9,-127.57791798119693,-136.58922530164787,-309.80501818015654,-141.57869834345038,-94.24370368669119,-161.95891269862858,75.74278501762271,9
47,0.3129673957824707,0.007973582678523902,0.0037965297698974608,0.00010910690644661428,0.01,0.1,6,500,"{'gamma': 0.01, 'learning_rate': 0.1, 'max_depth': 6, 'n_estimators': 500}",0.9161779984683671,0.7376403228165331,0.8332111573707403,0.9311228564074862,0.8198815562485479,0.847606778262335,0.07034982687849768,10,-127.77518620849757,-136.66264108138,-309.5994781526163,-141.56132355033705,-94.22590460233236,-161.96490671903265,75.64388531963831,10
46,0.21322078704833985,0.004435997157367618,0.004160690307617188,0.0007296177648647823,0.01,0.1,6,340,"{'gamma': 0.01, 'learning_rate': 0.1, 'max_depth': 6, 'n_estimators': 340}",0.9161779984683671,0.7376403228165331,0.8332111573707403,0.9311228564074862,0.8198815562485479,0.847606778262335,0.07034982687849768,10,-127.77518620849757,-136.66264108138,-309.5994781526163,-141.56132355033705,-94.22590460233236,-161.96490671903265,75.64388531963831,10
45,0.09739842414855956,0.007073667072100993,0.0037477970123291015,6.154314627331623e-05,0.01,0.1,6,160,"{'gamma': 0.01, 'learning_rate': 0.1, 'max_depth': 6, 'n_estimators': 160}",0.9161702668819767,0.737639834123791,0.8330370183590021,0.9310849253884719,0.8198768529437863,0.8475617795394056,0.07034699476149081,12,-127.78107894604318,-136.66276836086604,-309.76105755247966,-141.6002974821562,-94.22713482130249,-162.0064674325695,75.70409355175885,12
50,0.044456195831298825,0.005169467314525142,0.0036812305450439455,3.954110139332634e-05,0.01,0.1,9,80,"{'gamma': 0.01, 'learning_rate': 0.1, 'max_depth': 9, 'n_estimators': 80}",0.9163677040537633,0.7372368287294091,0.8190364682804675,0.9284882699069217,0.8202283337232743,0.8442715209387671,0.07065639178024112,13,-127.6305141869884,-136.76769034611945,-322.48703118563003,-144.243314394459,-94.13515552905884,-165.05274112845115,80.55849929221607,13
122,0.04445943832397461,0.005331030006263881,0.0037154674530029295,7.419858917675956e-05,0.1,0.1,9,80,"{'gamma': 0.1, 'learning_rate': 0.1, 'max_depth': 9, 'n_estimators': 80}",0.9162228889339273,0.7372414266086937,0.8190452358363205,0.9284773597698062,0.8201358241472844,0.8442245470592062,0.0706285353506241,14,-127.74096693638819,-136.76649374752816,-322.47921895606527,-144.25431716503542,-94.15937314762837,-165.0800739905291,80.54044516025738,14
44,0.04259085655212402,0.005608047300446106,0.0036794185638427735,6.169941169515993e-05,0.01,0.1,6,80,"{'gamma': 0.01, 'learning_rate': 0.1, 'max_depth': 6, 'n_estimators': 80}",0.9157375732154108,0.7372368287294091,0.8188040433877236,0.9284872988758185,0.8180384578328075,0.8436608404082339,0.07069797815650039,15,-128.11043047242126,-136.76769034611945,-322.69406174343203,-144.24429370421043,-94.70677040999968,-165.30464933523658,80.49446461888705,15
116,0.04433355331420898,0.004809054977492416,0.003929328918457031,0.0003469385177058844,0.1,0.1,6,80,"{'gamma': 0.1, 'learning_rate': 0.1, 'max_depth': 6, 'n_estimators': 80}",0.9157415233778489,0.7372414266086937,0.8187700593245265,0.928480839082452,0.8180446525428513,0.8436557001872744,0.07069779147540683,16,-128.10742757444686,-136.76649374752816,-322.72432163840887,-144.25080840212874,-94.70515829469163,-165.31084193144085,80.50660223930349,16
41,0.21921892166137696,0.013242782260469122,0.0037454605102539063,0.00013874827335336537,0.01,0.1,3,500,"{'gamma': 0.01, 'learning_rate': 0.1, 'max_depth': 3, 'n_estimators': 500}",0.9108461156695621,0.751557562197888,0.8052597288213622,0.9310058028146899,0.8071763721950127,0.841169116339703,0.06841160117196272,17,-131.7764015271543,-132.98852112140426,-334.53734637969086,-141.68156102340743,-97.49253145932843,-167.69527230219705,84.77752005585775,17
40,0.15192203521728515,0.005777865138872552,0.0036820888519287108,0.00011144750435553304,0.01,0.1,3,340,"{'gamma': 0.01, 'learning_rate': 0.1, 'max_depth': 3, 'n_estimators': 340}",0.9108461156695621,0.751557562197888,0.8052597288213622,0.9310058028146899,0.8071763721950127,0.841169116339703,0.06841160117196272,17,-131.7764015271543,-132.98852112140426,-334.53734637969086,-141.68156102340743,-97.49253145932843,-167.69527230219705,84.77752005585775,17
39,0.0696336269378662,0.0027601146383148013,0.003955411911010742,0.00030564069352714785,0.01,0.1,3,160,"{'gamma': 0.01, 'learning_rate': 0.1, 'max_depth': 3, 'n_estimators': 160}",0.9108240404437525,0.7516138445199045,0.8050639569059319,0.9310057514177099,0.8071234345644525,0.8411262055703503,0.06841821094329621,19,-131.7927149709913,-132.97345661231063,-334.70545892509205,-141.6816137959832,-97.50591329819954,-167.7318315205153,84.84132295871501,21
113,0.2538789749145508,0.016343858410382307,0.00400838851928711,0.00020895973811601236,0.1,0.1,3,500,"{'gamma': 0.1, 'learning_rate': 0.1, 'max_depth': 3, 'n_estimators': 500}",0.9109020523797705,0.751177439610125,0.8051616254915985,0.9310226623794411,0.8071818145845617,0.8410891188890993,0.06853683398741905,20,-131.7350556284416,-133.0902199688552,-334.62159987065576,-141.66424916607963,-97.49115560076699,-167.72045604695984,84.80716321389984,19
112,0.15401754379272461,0.0032183636523112277,0.004049444198608398,0.0006399877091005738,0.1,0.1,3,340,"{'gamma': 0.1, 'learning_rate': 0.1, 'max_depth': 3, 'n_estimators': 340}",0.9109020523797705,0.751177439610125,0.8051616254915985,0.9310226623794411,0.8071818145845617,0.8410891188890993,0.06853683398741905,20,-131.7350556284416,-133.0902199688552,-334.62159987065576,-141.66424916607963,-97.49115560076699,-167.72045604695984,84.80716321389984,19
111,0.07018623352050782,0.002820248922273081,0.0038770198822021484,0.00020713410979658612,0.1,0.1,3,160,"{'gamma': 0.1, 'learning_rate': 0.1, 'max_depth': 3, 'n_estimators': 160}",0.9108783194037607,0.7512281729164225,0.8050728998159563,0.9310093205938221,0.8072340351634577,0.841084549578684,0.06851933948922719,22,-131.752599560863,-133.07665116083166,-334.69778134252005,-141.6779490472393,-97.47795303556839,-167.73658682940444,84.83811310864596,22
110,0.03724384307861328,0.00459905803590904,0.0036514759063720702,3.968093175399122e-05,0.1,0.1,3,80,"{'gamma': 0.1, 'learning_rate': 0.1, 'max_depth': 3, 'n_estimators': 80}",0.9103859583649478,0.7491356670608,0.7984602086121629,0.9268823883644111,0.8014323836246492,0.8372593212053943,0.06918745297160106,23,-132.11603805365715,-133.63515603921613,-340.3275637305829,-145.85390086817685,-98.9339693435026,-170.17332560702712,86.48969883536847,23
38,0.03634634017944336,0.004133970604650499,0.0036492347717285156,3.926255270318048e-05,0.01,0.1,3,80,"{'gamma': 0.01, 'learning_rate': 0.1, 'max_depth': 3, 'n_estimators': 80}",0.9103859583649478,0.7491356670608,0.7984602086121629,0.9268823883644111,0.8014310281094634,0.837259050102357,0.06918759335729692,24,-132.11603805365715,-133.63515603921613,-340.3275637305829,-145.85390086817685,-98.93430702764115,-170.17339314385484,86.48964320709574,24
107,0.20608816146850586,0.008036803639045973,0.004536628723144531,0.0005445782432594823,0.1,0.01,9,500,"{'gamma': 0.1, 'learning_rate': 0.01, 'max_depth': 9, 'n_estimators': 500}",0.9132127735273337,0.7356933861536745,0.7450423310568997,0.9086942984526626,0.7978785960728199,0.8201042770526781,0.0771632803106189,25,-130.01558483178903,-137.16878156035767,-382.7813434375409,-162.98813834817346,-99.81535958121616,-182.55384155181542,102.11718537215762,25
101,0.20508356094360353,0.00815149514407052,0.004425430297851562,0.0005743895893783055,0.1,0.01,6,500,"{'gamma': 0.1, 'learning_rate': 0.01, 'max_depth': 6, 'n_estimators': 500}",0.9132127735273337,0.7356933861536745,0.7450151352913544,0.9086942984526626,0.7978785960728199,0.820098837899569,0.0771685719283865,26,-130.01558483178903,-137.16878156035767,-382.8017581089753,-162.98813834817346,-99.81535958121616,-182.55792448610234,102.12519104745049,26
29,0.20215315818786622,0.006662131155995753,0.0042666435241699215,0.00086571480265108,0.01,0.01,6,500,"{'gamma': 0.01, 'learning_rate': 0.01, 'max_depth': 6, 'n_estimators': 500}",0.9132127735273337,0.7356465263711034,0.7450151352913544,0.9086942984526626,0.7978785960728199,0.8200894659430549,0.07717882438368369,27,-130.01558483178903,-137.18094057203396,-382.8017581089753,-162.98813834817346,-99.81535958121616,-182.5603562884376,102.12411035247939,27
35,0.209881591796875,0.009724894263924035,0.0037139892578125,8.781440148238897e-05,0.01,0.01,9,500,"{'gamma': 0.01, 'learning_rate': 0.01, 'max_depth': 9, 'n_estimators': 500}",0.9132127735273337,0.7354953119556292,0.7450423310568997,0.9086942984526626,0.7978785960728199,0.8200646622130691,0.07720664449026171,28,-130.01558483178903,-137.22016980906469,-382.7813434375409,-162.98813834817346,-99.81535958121616,-182.56411920155685,102.11261953035859,28
95,0.20208630561828614,0.010024624835657784,0.0041347980499267575,0.0004169367314006456,0.1,0.01,3,500,"{'gamma': 0.1, 'learning_rate': 0.01, 'max_depth': 3, 'n_estimators': 500}",0.8992576621559116,0.7302640041771751,0.7489051357323349,0.9085173384505163,0.7983546288235823,0.817059753867904,0.07436319216536368,29,-140.07915767372043,-138.57047913251864,-379.8705604058723,-163.14600592632712,-99.69774860804519,-184.27279034929674,99.89949426930359,29
23,0.18670921325683593,0.00700085870677796,0.0037312984466552736,9.994015426785285e-05,0.01,0.01,3,500,"{'gamma': 0.01, 'learning_rate': 0.01, 'max_depth': 3, 'n_estimators': 500}",0.8992576621559116,0.7302640041771751,0.7489051357323349,0.9085173384505163,0.7983546288235823,0.817059753867904,0.07436319216536368,29,-140.07915767372043,-138.57047913251864,-379.8705604058723,-163.14600592632712,-99.69774860804519,-184.27279034929674,99.89949426930359,29
115,0.023671817779541016,0.0021261784513052964,0.004414606094360352,0.0005233165048710438,0.1,0.1,6,40,"{'gamma': 0.1, 'learning_rate': 0.1, 'max_depth': 6, 'n_estimators': 40}",0.8927410883945083,0.7283202964429952,0.6953719897790815,0.8902702857430762,0.7808112465314565,0.7975029813782235,0.08145141759261453,31,-144.5387191889235,-139.0688498396068,-418.4095989314559,-178.6772149731341,-103.94422271115315,-196.92772112885467,113.2479497907392,31
121,0.018416786193847658,0.000615879680091279,0.0035544395446777343,3.134115378117547e-05,0.1,0.1,9,40,"{'gamma': 0.1, 'learning_rate': 0.1, 'max_depth': 9, 'n_estimators': 40}",0.8927410883945083,0.7283202964429952,0.6953719897790815,0.8902702857430762,0.7808112465314565,0.7975029813782235,0.08145141759261453,31,-144.5387191889235,-139.0688498396068,-418.4095989314559,-178.6772149731341,-103.94422271115315,-196.92772112885467,113.2479497907392,31
49,0.018314218521118163,0.0006202504603990376,0.0035572052001953125,3.5086597027245197e-05,0.01,0.1,9,40,"{'gamma': 0.01, 'learning_rate': 0.1, 'max_depth': 9, 'n_estimators': 40}",0.8927410883945083,0.7283202964429952,0.6953719897790815,0.8902702857430762,0.7808112465314565,0.7975029813782235,0.08145141759261453,31,-144.5387191889235,-139.0688498396068,-418.4095989314559,-178.6772149731341,-103.94422271115315,-196.92772112885467,113.2479497907392,31
43,0.018483304977416994,0.0007633488510337722,0.0035651206970214845,5.205118249786395e-05,0.01,0.1,6,40,"{'gamma': 0.01, 'learning_rate': 0.1, 'max_depth': 6, 'n_estimators': 40}",0.8927410883945083,0.7283202964429952,0.6953719897790815,0.8902702857430762,0.7808112465314565,0.7975029813782235,0.08145141759261453,31,-144.5387191889235,-139.0688498396068,-418.4095989314559,-178.6772149731341,-103.94422271115315,-196.92772112885467,113.2479497907392,31
109,0.01778445243835449,0.00027194101309091197,0.003610992431640625,0.00011406435206406701,0.1,0.1,3,40,"{'gamma': 0.1, 'learning_rate': 0.1, 'max_depth': 3, 'n_estimators': 40}",0.8888588785811512,0.7304348820341522,0.6962473006006706,0.8903634773709848,0.7789798361722952,0.7969768749518508,0.08007688490143204,35,-147.1312404087187,-138.52657995299816,-417.808042440668,-178.60132505785552,-104.3775673348392,-197.28895103901593,112.76456398228139,35
37,0.01776423454284668,0.00029583423077429944,0.0035483837127685547,1.9204760840387123e-05,0.01,0.1,3,40,"{'gamma': 0.01, 'learning_rate': 0.1, 'max_depth': 3, 'n_estimators': 40}",0.8888588785811512,0.7304348820341522,0.6962473006006706,0.8903634773709848,0.7789798361722952,0.7969768749518508,0.08007688490143204,35,-147.1312404087187,-138.52657995299816,-417.808042440668,-178.60132505785552,-104.3775673348392,-197.28895103901593,112.76456398228139,35
100,0.13705568313598632,0.013805595688847955,0.003797149658203125,0.00021198265540077325,0.1,0.01,6,340,"{'gamma': 0.1, 'learning_rate': 0.01, 'max_depth': 6, 'n_estimators': 340}",0.8639243695580835,0.673407842820559,0.6155382669427693,0.8657480789613059,0.7478573645498081,0.7532951845665051,0.10027262402134436,37,-162.80123183242407,-152.47693069224434,-470.0491612860809,-197.63656852294469,-111.48446818741695,-218.88967210422214,128.54977759631987,37
106,0.12615232467651366,0.008857105753761522,0.0037654876708984376,5.540072145521698e-05,0.1,0.01,9,340,"{'gamma': 0.1, 'learning_rate': 0.01, 'max_depth': 9, 'n_estimators': 340}",0.8639243695580835,0.673407842820559,0.6155382669427693,0.8657480789613059,0.7478573645498081,0.7532951845665051,0.10027262402134436,37,-162.80123183242407,-152.47693069224434,-470.0491612860809,-197.63656852294469,-111.48446818741695,-218.88967210422214,128.54977759631987,37
28,0.12505617141723632,0.006662839340305837,0.003704404830932617,6.801754050731303e-05,0.01,0.01,6,340,"{'gamma': 0.01, 'learning_rate': 0.01, 'max_depth': 6, 'n_estimators': 340}",0.8639243695580835,0.673407842820559,0.6155382669427693,0.8657480789613059,0.7478573645498081,0.7532951845665051,0.10027262402134436,37,-162.80123183242407,-152.47693069224434,-470.0491612860809,-197.63656852294469,-111.48446818741695,-218.88967210422214,128.54977759631987,37
34,0.12376513481140136,0.0069675775128918375,0.004182004928588867,0.0009119791151233239,0.01,0.01,9,340,"{'gamma': 0.01, 'learning_rate': 0.01, 'max_depth': 9, 'n_estimators': 340}",0.8639243695580835,0.673407842820559,0.6155382669427693,0.8657480789613059,0.7478573645498081,0.7532951845665051,0.10027262402134436,37,-162.80123183242407,-152.47693069224434,-470.0491612860809,-197.63656852294469,-111.48446818741695,-218.88967210422214,128.54977759631987,37
22,0.11913423538208008,0.0028103749062380347,0.0037489891052246093,5.7147018669495515e-05,0.01,0.01,3,340,"{'gamma': 0.01, 'learning_rate': 0.01, 'max_depth': 3, 'n_estimators': 340}",0.8626972690906012,0.6698536763515399,0.6159262125084652,0.865829275477918,0.7478573645498081,0.7524327595956665,0.10049010746867436,41,-163.5336374363669,-153.3043571256021,-469.8119471542241,-197.57679348239174,-111.48446818741695,-219.14224067720033,128.31017878594164,41
94,0.1359184741973877,0.013305426607814278,0.004526472091674805,0.0010369150746912634,0.1,0.01,3,340,"{'gamma': 0.1, 'learning_rate': 0.01, 'max_depth': 3, 'n_estimators': 340}",0.8626972690906012,0.6698536763515399,0.6159262125084652,0.865829275477918,0.7478573645498081,0.7524327595956665,0.10049010746867436,41,-163.5336374363669,-153.3043571256021,-469.8119471542241,-197.57679348239174,-111.48446818741695,-219.14224067720033,128.31017878594164,41
59,0.22493901252746581,0.009261902569174118,0.004073810577392578,0.00023211791257681574,0.01,1,3,500,"{'gamma': 0.01, 'learning_rate': 1, 'max_depth': 3, 'n_estimators': 500}",0.981815150037351,0.5012784909472694,0.6924293649618092,0.5208085024876554,0.4783297170957578,0.6349322451059686,0.1892329648525675,43,-59.51444256589741,-188.42143848125107,-420.4256043271458,-373.3890710733325,-160.35749797056803,-240.421610883639,135.59016688542462,43
55,0.026639270782470702,0.010847256665746674,0.003696298599243164,0.00014553188808451718,0.01,1,3,40,"{'gamma': 0.01, 'learning_rate': 1, 'max_depth': 3, 'n_estimators': 40}",0.981815150037351,0.5012784909472694,0.6924293649618092,0.5208085024876554,0.4783297170957578,0.6349322451059686,0.1892329648525675,43,-59.51444256589741,-188.42143848125107,-420.4256043271458,-373.3890710733325,-160.35749797056803,-240.421610883639,135.59016688542462,43
54,0.012432384490966796,0.0003582252726156248,0.003589963912963867,5.620160611206119e-05,0.01,1,3,20,"{'gamma': 0.01, 'learning_rate': 1, 'max_depth': 3, 'n_estimators': 20}",0.981815150037351,0.5012784909472694,0.6924293649618092,0.5208085024876554,0.4783297170957578,0.6349322451059686,0.1892329648525675,43,-59.51444256589741,-188.42143848125107,-420.4256043271458,-373.3890710733325,-160.35749797056803,-240.421610883639,135.59016688542462,43
58,0.15865612030029297,0.006182760004179368,0.0036624908447265626,0.00011862541260902659,0.01,1,3,340,"{'gamma': 0.01, 'learning_rate': 1, 'max_depth': 3, 'n_estimators': 340}",0.981815150037351,0.5012784909472694,0.6924293649618092,0.5208085024876554,0.4783297170957578,0.6349322451059686,0.1892329648525675,43,-59.51444256589741,-188.42143848125107,-420.4256043271458,-373.3890710733325,-160.35749797056803,-240.421610883639,135.59016688542462,43
57,0.07455787658691407,0.001889911082631708,0.0037393093109130858,0.0002193076889654531,0.01,1,3,160,"{'gamma': 0.01, 'learning_rate': 1, 'max_depth': 3, 'n_estimators': 160}",0.981815150037351,0.5012784909472694,0.6924293649618092,0.5208085024876554,0.4783297170957578,0.6349322451059686,0.1892329648525675,43,-59.51444256589741,-188.42143848125107,-420.4256043271458,-373.3890710733325,-160.35749797056803,-240.421610883639,135.59016688542462,43
56,0.03829340934753418,0.0011185790278197512,0.003693103790283203,0.00014618088406684877,0.01,1,3,80,"{'gamma': 0.01, 'learning_rate': 1, 'max_depth': 3, 'n_estimators': 80}",0.981815150037351,0.5012784909472694,0.6924293649618092,0.5208085024876554,0.4783297170957578,0.6349322451059686,0.1892329648525675,43,-59.51444256589741,-188.42143848125107,-420.4256043271458,-373.3890710733325,-160.35749797056803,-240.421610883639,135.59016688542462,43
128,0.038567209243774415,0.001941476658456363,0.0036277294158935545,6.972093060824941e-05,0.1,1,3,80,"{'gamma': 0.1, 'learning_rate': 1, 'max_depth': 3, 'n_estimators': 80}",0.9818390300526573,0.501220029387879,0.6923570095268501,0.5206907754337632,0.47847534043319384,0.6349164369668687,0.18923570107474308,49,-59.47535308524831,-188.43248180715608,-420.47505360016993,-373.43493509217365,-160.33511465232738,-240.43058764741508,135.62451908128494,49
127,0.021886205673217772,0.0028875044560836903,0.0036835670471191406,0.00015010770121418987,0.1,1,3,40,"{'gamma': 0.1, 'learning_rate': 1, 'max_depth': 3, 'n_estimators': 40}",0.9818390300526573,0.501220029387879,0.6923570095268501,0.5206907754337632,0.47847534043319384,0.6349164369668687,0.18923570107474308,49,-59.47535308524831,-188.43248180715608,-420.47505360016993,-373.43493509217365,-160.33511465232738,-240.43058764741508,135.62451908128494,49
126,0.012227916717529297,0.00020652194406135894,0.0034520626068115234,4.561465229486044e-05,0.1,1,3,20,"{'gamma': 0.1, 'learning_rate': 1, 'max_depth': 3, 'n_estimators': 20}",0.9818390300526573,0.501220029387879,0.6923570095268501,0.5206907754337632,0.47847534043319384,0.6349164369668687,0.18923570107474308,49,-59.47535308524831,-188.43248180715608,-420.47505360016993,-373.43493509217365,-160.33511465232738,-240.43058764741508,135.62451908128494,49
131,0.22234830856323243,0.012597934687284804,0.004066085815429688,0.00043513967098095544,0.1,1,3,500,"{'gamma': 0.1, 'learning_rate': 1, 'max_depth': 3, 'n_estimators': 500}",0.9818390300526573,0.501220029387879,0.6923570095268501,0.5206907754337632,0.47847534043319384,0.6349164369668687,0.18923570107474308,49,-59.47535308524831,-188.43248180715608,-420.47505360016993,-373.43493509217365,-160.33511465232738,-240.43058764741508,135.62451908128494,49
130,0.1564791679382324,0.011517092943330412,0.003654623031616211,0.00010503442221320225,0.1,1,3,340,"{'gamma': 0.1, 'learning_rate': 1, 'max_depth': 3, 'n_estimators': 340}",0.9818390300526573,0.501220029387879,0.6923570095268501,0.5206907754337632,0.47847534043319384,0.6349164369668687,0.18923570107474308,49,-59.47535308524831,-188.43248180715608,-420.47505360016993,-373.43493509217365,-160.33511465232738,-240.43058764741508,135.62451908128494,49
129,0.07309021949768066,0.00342182701951186,0.003631258010864258,0.00010948928780897555,0.1,1,3,160,"{'gamma': 0.1, 'learning_rate': 1, 'max_depth': 3, 'n_estimators': 160}",0.9818390300526573,0.501220029387879,0.6923570095268501,0.5206907754337632,0.47847534043319384,0.6349164369668687,0.18923570107474308,49,-59.47535308524831,-188.43248180715608,-420.47505360016993,-373.43493509217365,-160.33511465232738,-240.43058764741508,135.62451908128494,49
60,0.01594057083129883,0.0004904779691474167,0.0035494327545166015,6.145367334283073e-05,0.01,1,6,20,"{'gamma': 0.01, 'learning_rate': 1, 'max_depth': 6, 'n_estimators': 20}",0.9801764156345302,0.19003519457897888,0.7434921568629322,0.5070120576549043,0.21531037745834603,0.5272052404379384,0.3044118019341938,55,-62.13819030160343,-240.12332016880737,-383.9432589469631,-378.7260680762851,-196.67093257207566,-252.32035401314693,120.5967452184001,55
62,0.054725933074951175,0.005371015472613859,0.0037154674530029295,0.0001009064943620606,0.01,1,6,80,"{'gamma': 0.01, 'learning_rate': 1, 'max_depth': 6, 'n_estimators': 80}",0.9801764156345302,0.19003519457897888,0.7434921568629322,0.5070120576549043,0.21531037745834603,0.5272052404379384,0.3044118019341938,55,-62.13819030160343,-240.12332016880737,-383.9432589469631,-378.7260680762851,-196.67093257207566,-252.32035401314693,120.5967452184001,55
63,0.10181879997253418,0.0034779081617615708,0.004216337203979492,0.0007624869733382673,0.01,1,6,160,"{'gamma': 0.01, 'learning_rate': 1, 'max_depth': 6, 'n_estimators': 160}",0.9801764156345302,0.19003519457897888,0.7434921568629322,0.5070120576549043,0.21531037745834603,0.5272052404379384,0.3044118019341938,55,-62.13819030160343,-240.12332016880737,-383.9432589469631,-378.7260680762851,-196.67093257207566,-252.32035401314693,120.5967452184001,55
61,0.028869056701660158,0.0012184004243150617,0.003699493408203125,0.00018646932747494335,0.01,1,6,40,"{'gamma': 0.01, 'learning_rate': 1, 'max_depth': 6, 'n_estimators': 40}",0.9801764156345302,0.19003519457897888,0.7434921568629322,0.5070120576549043,0.21531037745834603,0.5272052404379384,0.3044118019341938,55,-62.13819030160343,-240.12332016880737,-383.9432589469631,-378.7260680762851,-196.67093257207566,-252.32035401314693,120.5967452184001,55
65,0.3100013732910156,0.009562265665780134,0.0037222385406494142,0.0001456224613455024,0.01,1,6,500,"{'gamma': 0.01, 'learning_rate': 1, 'max_depth': 6, 'n_estimators': 500}",0.9801764156345302,0.19003519457897888,0.7434921568629322,0.5070120576549043,0.21531037745834603,0.5272052404379384,0.3044118019341938,55,-62.13819030160343,-240.12332016880737,-383.9432589469631,-378.7260680762851,-196.67093257207566,-252.32035401314693,120.5967452184001,55
64,0.2167191505432129,0.006194781083284046,0.003974246978759766,0.00042304291280774513,0.01,1,6,340,"{'gamma': 0.01, 'learning_rate': 1, 'max_depth': 6, 'n_estimators': 340}",0.9801764156345302,0.19003519457897888,0.7434921568629322,0.5070120576549043,0.21531037745834603,0.5272052404379384,0.3044118019341938,55,-62.13819030160343,-240.12332016880737,-383.9432589469631,-378.7260680762851,-196.67093257207566,-252.32035401314693,120.5967452184001,55
136,0.21538443565368653,0.005250805585441087,0.0040951728820800785,0.000572798313628379,0.1,1,6,340,"{'gamma': 0.1, 'learning_rate': 1, 'max_depth': 6, 'n_estimators': 340}",0.9801723770022626,0.1896989044231483,0.7434274282979765,0.5057928927654715,0.21589648132593153,0.526997616762958,0.3043725364664641,61,-62.144519644357125,-240.17316352506953,-383.99169904189773,-379.1940758834705,-196.5974696872788,-252.42018555641476,120.70930090381312,61
135,0.09954147338867188,0.00258755690884746,0.004334163665771484,0.0008019169464541701,0.1,1,6,160,"{'gamma': 0.1, 'learning_rate': 1, 'max_depth': 6, 'n_estimators': 160}",0.9801723770022626,0.1896989044231483,0.7434274282979765,0.5057928927654715,0.21589648132593153,0.526997616762958,0.3043725364664641,61,-62.144519644357125,-240.17316352506953,-383.99169904189773,-379.1940758834705,-196.5974696872788,-252.42018555641476,120.70930090381312,61
133,0.03049478530883789,0.004289994065622226,0.0037984371185302733,0.0003624085813227976,0.1,1,6,40,"{'gamma': 0.1, 'learning_rate': 1, 'max_depth': 6, 'n_estimators': 40}",0.9801723770022626,0.1896989044231483,0.7434274282979765,0.5057928927654715,0.21589648132593153,0.526997616762958,0.3043725364664641,61,-62.144519644357125,-240.17316352506953,-383.99169904189773,-379.1940758834705,-196.5974696872788,-252.42018555641476,120.70930090381312,61
132,0.01597151756286621,0.0002100921791774507,0.003535604476928711,3.133861449972667e-05,0.1,1,6,20,"{'gamma': 0.1, 'learning_rate': 1, 'max_depth': 6, 'n_estimators': 20}",0.9801723770022626,0.1896989044231483,0.7434274282979765,0.5057928927654715,0.21589648132593153,0.526997616762958,0.3043725364664641,61,-62.144519644357125,-240.17316352506953,-383.99169904189773,-379.1940758834705,-196.5974696872788,-252.42018555641476,120.70930090381312,61
137,0.323408317565918,0.036465089034317666,0.0037109851837158203,0.00016924260014384082,0.1,1,6,500,"{'gamma': 0.1, 'learning_rate': 1, 'max_depth': 6, 'n_estimators': 500}",0.9801723770022626,0.1896989044231483,0.7434274282979765,0.5057928927654715,0.21589648132593153,0.526997616762958,0.3043725364664641,61,-62.144519644357125,-240.17316352506953,-383.99169904189773,-379.1940758834705,-196.5974696872788,-252.42018555641476,120.70930090381312,61
134,0.05457372665405273,0.006015424540769651,0.0037323951721191405,6.365952864345472e-05,0.1,1,6,80,"{'gamma': 0.1, 'learning_rate': 1, 'max_depth': 6, 'n_estimators': 80}",0.9801723770022626,0.1896989044231483,0.7434274282979765,0.5057928927654715,0.21589648132593153,0.526997616762958,0.3043725364664641,61,-62.144519644357125,-240.17316352506953,-383.99169904189773,-379.1940758834705,-196.5974696872788,-252.42018555641476,120.70930090381312,61
143,0.3149245738983154,0.024310101645964557,0.0037244319915771484,0.00015353250180619296,0.1,1,9,500,"{'gamma': 0.1, 'learning_rate': 1, 'max_depth': 9, 'n_estimators': 500}",0.9802829115599845,0.20160137965539304,0.7389913858052506,0.5054934279096657,0.14328044879285362,0.5139299107446295,0.31721888283835653,67,-61.97105666243572,-238.40269164482066,-387.29700882779173,-379.30894483273573,-205.49940160046393,-254.49582071364958,120.78070556095513,73
139,0.029140996932983398,0.0006638097057281796,0.0037446022033691406,0.00015767361688266164,0.1,1,9,40,"{'gamma': 0.1, 'learning_rate': 1, 'max_depth': 9, 'n_estimators': 40}",0.9802829115599845,0.20160137965539304,0.7389913858052506,0.5054934279096657,0.14328044879285362,0.5139299107446295,0.31721888283835653,67,-61.97105666243572,-238.40269164482066,-387.29700882779173,-379.30894483273573,-205.49940160046393,-254.49582071364958,120.78070556095513,73
140,0.05562601089477539,0.006429825973030844,0.0037087917327880858,6.560062833508867e-05,0.1,1,9,80,"{'gamma': 0.1, 'learning_rate': 1, 'max_depth': 9, 'n_estimators': 80}",0.9802829115599845,0.20160137965539304,0.7389913858052506,0.5054934279096657,0.14328044879285362,0.5139299107446295,0.31721888283835653,67,-61.97105666243572,-238.40269164482066,-387.29700882779173,-379.30894483273573,-205.49940160046393,-254.49582071364958,120.78070556095513,73
141,0.10425667762756348,0.006667515212372788,0.0039577484130859375,0.000382050459609919,0.1,1,9,160,"{'gamma': 0.1, 'learning_rate': 1, 'max_depth': 9, 'n_estimators': 160}",0.9802829115599845,0.20160137965539304,0.7389913858052506,0.5054934279096657,0.14328044879285362,0.5139299107446295,0.31721888283835653,67,-61.97105666243572,-238.40269164482066,-387.29700882779173,-379.30894483273573,-205.49940160046393,-254.49582071364958,120.78070556095513,73
138,0.017379903793334962,0.00039897197831218823,0.003714466094970703,0.000198201114709008,0.1,1,9,20,"{'gamma': 0.1, 'learning_rate': 1, 'max_depth': 9, 'n_estimators': 20}",0.9802829115599845,0.20160137965539304,0.7389913858052506,0.5054934279096657,0.14328044879285362,0.5139299107446295,0.31721888283835653,67,-61.97105666243572,-238.40269164482066,-387.29700882779173,-379.30894483273573,-205.49940160046393,-254.49582071364958,120.78070556095513,73
142,0.21977992057800294,0.017114764107700974,0.004036712646484375,0.0002832729951195406,0.1,1,9,340,"{'gamma': 0.1, 'learning_rate': 1, 'max_depth': 9, 'n_estimators': 340}",0.9802829115599845,0.20160137965539304,0.7389913858052506,0.5054934279096657,0.14328044879285362,0.5139299107446295,0.31721888283835653,67,-61.97105666243572,-238.40269164482066,-387.29700882779173,-379.30894483273573,-205.49940160046393,-254.49582071364958,120.78070556095513,73
71,0.3306737899780273,0.0040537547858887826,0.003638172149658203,0.000105274219687797,0.01,1,9,500,"{'gamma': 0.01, 'learning_rate': 1, 'max_depth': 9, 'n_estimators': 500}",0.9803892024081527,0.20169973411570719,0.7390243258237243,0.5055903478159518,0.14132147812015527,0.5136050176567384,0.31769341015258085,73,-61.803794202733016,-238.3880068184332,-387.27256907280383,-379.2717720316628,-205.73421440242217,-254.494071305611,120.80238070192249,67
66,0.017287588119506835,0.000246250342900158,0.00351715087890625,0.00010239593629851161,0.01,1,9,20,"{'gamma': 0.01, 'learning_rate': 1, 'max_depth': 9, 'n_estimators': 20}",0.9803892024081527,0.20169973411570719,0.7390243258237243,0.5055903478159518,0.14132147812015527,0.5136050176567384,0.31769341015258085,73,-61.803794202733016,-238.3880068184332,-387.27256907280383,-379.2717720316628,-205.73421440242217,-254.494071305611,120.80238070192249,67
67,0.030794334411621094,0.002054372052451094,0.003922891616821289,0.0002802372992961467,0.01,1,9,40,"{'gamma': 0.01, 'learning_rate': 1, 'max_depth': 9, 'n_estimators': 40}",0.9803892024081527,0.20169973411570719,0.7390243258237243,0.5055903478159518,0.14132147812015527,0.5136050176567384,0.31769341015258085,73,-61.803794202733016,-238.3880068184332,-387.27256907280383,-379.2717720316628,-205.73421440242217,-254.494071305611,120.80238070192249,67
68,0.06474862098693848,0.00906842569586197,0.004005813598632812,0.0002760322377973527,0.01,1,9,80,"{'gamma': 0.01, 'learning_rate': 1, 'max_depth': 9, 'n_estimators': 80}",0.9803892024081527,0.20169973411570719,0.7390243258237243,0.5055903478159518,0.14132147812015527,0.5136050176567384,0.31769341015258085,73,-61.803794202733016,-238.3880068184332,-387.27256907280383,-379.2717720316628,-205.73421440242217,-254.494071305611,120.80238070192249,67
69,0.11019244194030761,0.0039375655572385804,0.0037830829620361327,0.00020296676562216455,0.01,1,9,160,"{'gamma': 0.01, 'learning_rate': 1, 'max_depth': 9, 'n_estimators': 160}",0.9803892024081527,0.20169973411570719,0.7390243258237243,0.5055903478159518,0.14132147812015527,0.5136050176567384,0.31769341015258085,73,-61.803794202733016,-238.3880068184332,-387.27256907280383,-379.2717720316628,-205.73421440242217,-254.494071305611,120.80238070192249,67
70,0.2300419330596924,0.00317281958742123,0.00368194580078125,5.1382251702203185e-05,0.01,1,9,340,"{'gamma': 0.01, 'learning_rate': 1, 'max_depth': 9, 'n_estimators': 340}",0.9803892024081527,0.20169973411570719,0.7390243258237243,0.5055903478159518,0.14132147812015527,0.5136050176567384,0.31769341015258085,73,-61.803794202733016,-238.3880068184332,-387.27256907280383,-379.2717720316628,-205.73421440242217,-254.494071305611,120.80238070192249,67
108,0.011499452590942382,0.0017054149618747896,0.0035106658935546873,4.2853681981824736e-05,0.1,0.1,3,20,"{'gamma': 0.1, 'learning_rate': 0.1, 'max_depth': 3, 'n_estimators': 20}",0.5969955185353047,0.05078407364310411,0.21785064910141183,0.5380351228933906,-0.273586539639205,0.22601576490680125,0.3210474528189127,79,-280.1705269112263,-259.94637991918984,-670.4425466514765,-366.61609670283536,-250.55637247629744,-365.5463845322051,157.87711352225395,79
48,0.01024470329284668,0.0001283018609468489,0.003541374206542969,6.96473844418536e-05,0.01,0.1,9,20,"{'gamma': 0.01, 'learning_rate': 0.1, 'max_depth': 9, 'n_estimators': 20}",0.5969955185353047,0.05078407364310411,0.21785064910141183,0.5380351228933906,-0.273586539639205,0.22601576490680125,0.3210474528189127,79,-280.1705269112263,-259.94637991918984,-670.4425466514765,-366.61609670283536,-250.55637247629744,-365.5463845322051,157.87711352225395,79
120,0.01046614646911621,0.0007048936379913606,0.0034582138061523436,6.886416797989994e-05,0.1,0.1,9,20,"{'gamma': 0.1, 'learning_rate': 0.1, 'max_depth': 9, 'n_estimators': 20}",0.5969955185353047,0.05078407364310411,0.21785064910141183,0.5380351228933906,-0.273586539639205,0.22601576490680125,0.3210474528189127,79,-280.1705269112263,-259.94637991918984,-670.4425466514765,-366.61609670283536,-250.55637247629744,-365.5463845322051,157.87711352225395,79
42,0.010294628143310548,0.0003163976564549263,0.003505706787109375,4.0474459314898804e-05,0.01,0.1,6,20,"{'gamma': 0.01, 'learning_rate': 0.1, 'max_depth': 6, 'n_estimators': 20}",0.5969955185353047,0.05078407364310411,0.21785064910141183,0.5380351228933906,-0.273586539639205,0.22601576490680125,0.3210474528189127,79,-280.1705269112263,-259.94637991918984,-670.4425466514765,-366.61609670283536,-250.55637247629744,-365.5463845322051,157.87711352225395,79
36,0.011389589309692383,0.0023661189888255583,0.0034799098968505858,3.702952936113864e-05,0.01,0.1,3,20,"{'gamma': 0.01, 'learning_rate': 0.1, 'max_depth': 3, 'n_estimators': 20}",0.5969955185353047,0.05078407364310411,0.21785064910141183,0.5380351228933906,-0.273586539639205,0.22601576490680125,0.3210474528189127,79,-280.1705269112263,-259.94637991918984,-670.4425466514765,-366.61609670283536,-250.55637247629744,-365.5463845322051,157.87711352225395,79
114,0.011473846435546876,0.000571398751739328,0.003953266143798828,0.00031800081676062894,0.1,0.1,6,20,"{'gamma': 0.1, 'learning_rate': 0.1, 'max_depth': 6, 'n_estimators': 20}",0.5969955185353047,0.05078407364310411,0.21785064910141183,0.5380351228933906,-0.273586539639205,0.22601576490680125,0.3210474528189127,79,-280.1705269112263,-259.94637991918984,-670.4425466514765,-366.61609670283536,-250.55637247629744,-365.5463845322051,157.87711352225395,79
99,0.057076311111450194,0.005811982822414106,0.0036945343017578125,4.2727110568130565e-05,0.1,0.01,6,160,"{'gamma': 0.1, 'learning_rate': 0.01, 'max_depth': 6, 'n_estimators': 160}",0.11972952916566271,-1.0428229946275525,-0.15110101718503488,-0.08551513967542834,-1.585695765914529,-0.5490810776473763,0.6540550783647371,85,-414.07172521645475,-381.34375127169295,-813.3424531656791,-561.9853480244402,-357.00963306848314,-505.5505821493501,169.5764431277962,85
93,0.05837206840515137,0.008619190603513089,0.003801918029785156,0.00021069202943784936,0.1,0.01,3,160,"{'gamma': 0.1, 'learning_rate': 0.01, 'max_depth': 3, 'n_estimators': 160}",0.11972952916566271,-1.0428229946275525,-0.15110101718503488,-0.08551513967542834,-1.585695765914529,-0.5490810776473763,0.6540550783647371,85,-414.07172521645475,-381.34375127169295,-813.3424531656791,-561.9853480244402,-357.00963306848314,-505.5505821493501,169.5764431277962,85
105,0.05475187301635742,0.005336856672901477,0.003766632080078125,0.00011033877896985361,0.1,0.01,9,160,"{'gamma': 0.1, 'learning_rate': 0.01, 'max_depth': 9, 'n_estimators': 160}",0.11972952916566271,-1.0428229946275525,-0.15110101718503488,-0.08551513967542834,-1.585695765914529,-0.5490810776473763,0.6540550783647371,85,-414.07172521645475,-381.34375127169295,-813.3424531656791,-561.9853480244402,-357.00963306848314,-505.5505821493501,169.5764431277962,85
33,0.05459427833557129,0.004521420634833715,0.0036899566650390623,2.1109080669539344e-05,0.01,0.01,9,160,"{'gamma': 0.01, 'learning_rate': 0.01, 'max_depth': 9, 'n_estimators': 160}",0.11972952916566271,-1.0428229946275525,-0.15110101718503488,-0.08551513967542834,-1.585695765914529,-0.5490810776473763,0.6540550783647371,85,-414.07172521645475,-381.34375127169295,-813.3424531656791,-561.9853480244402,-357.00963306848314,-505.5505821493501,169.5764431277962,85
27,0.05314240455627441,0.0016916488669660656,0.0037477970123291015,0.0001803586739169316,0.01,0.01,6,160,"{'gamma': 0.01, 'learning_rate': 0.01, 'max_depth': 6, 'n_estimators': 160}",0.11972952916566271,-1.0428229946275525,-0.15110101718503488,-0.08551513967542834,-1.585695765914529,-0.5490810776473763,0.6540550783647371,85,-414.07172521645475,-381.34375127169295,-813.3424531656791,-561.9853480244402,-357.00963306848314,-505.5505821493501,169.5764431277962,85
21,0.05511975288391113,0.0032306300119304804,0.003663301467895508,0.00011356385233857579,0.01,0.01,3,160,"{'gamma': 0.01, 'learning_rate': 0.01, 'max_depth': 3, 'n_estimators': 160}",0.11972952916566271,-1.0428229946275525,-0.15110101718503488,-0.08551513967542834,-1.585695765914529,-0.5490810776473763,0.6540550783647371,85,-414.07172521645475,-381.34375127169295,-813.3424531656791,-561.9853480244402,-357.00963306848314,-505.5505821493501,169.5764431277962,85
104,0.028699588775634766,0.0025520721863320603,0.003695821762084961,0.00015435584867966716,0.1,0.01,9,80,"{'gamma': 0.1, 'learning_rate': 0.01, 'max_depth': 9, 'n_estimators': 80}",-2.749819513859545,-7.236456885196514,-1.6493012393631243,-3.281017076595127,-10.349964582515101,-5.053311859505882,3.2513088551347242,91,-854.6192904831198,-765.7226262830953,-1233.906902756506,-1116.0419789148652,-747.9773996165885,-943.653639610835,195.8777414722917,91
92,0.032540321350097656,0.00811143435106628,0.0037457942962646484,0.0003631948781098729,0.1,0.01,3,80,"{'gamma': 0.1, 'learning_rate': 0.01, 'max_depth': 3, 'n_estimators': 80}",-2.749819513859545,-7.236456885196514,-1.6493012393631243,-3.281017076595127,-10.349964582515101,-5.053311859505882,3.2513088551347242,91,-854.6192904831198,-765.7226262830953,-1233.906902756506,-1116.0419789148652,-747.9773996165885,-943.653639610835,195.8777414722917,91
26,0.028747415542602538,0.003714361012771171,0.0035945892333984373,4.482380885906053e-05,0.01,0.01,6,80,"{'gamma': 0.01, 'learning_rate': 0.01, 'max_depth': 6, 'n_estimators': 80}",-2.749819513859545,-7.236456885196514,-1.6493012393631243,-3.281017076595127,-10.349964582515101,-5.053311859505882,3.2513088551347242,91,-854.6192904831198,-765.7226262830953,-1233.906902756506,-1116.0419789148652,-747.9773996165885,-943.653639610835,195.8777414722917,91
32,0.027965879440307616,0.0009956925931455531,0.0038010597229003905,0.00022943511291849373,0.01,0.01,9,80,"{'gamma': 0.01, 'learning_rate': 0.01, 'max_depth': 9, 'n_estimators': 80}",-2.749819513859545,-7.236456885196514,-1.6493012393631243,-3.281017076595127,-10.349964582515101,-5.053311859505882,3.2513088551347242,91,-854.6192904831198,-765.7226262830953,-1233.906902756506,-1116.0419789148652,-747.9773996165885,-943.653639610835,195.8777414722917,91
20,0.027927875518798828,0.0004890887607238521,0.00382537841796875,0.0003013055258251859,0.01,0.01,3,80,"{'gamma': 0.01, 'learning_rate': 0.01, 'max_depth': 3, 'n_estimators': 80}",-2.749819513859545,-7.236456885196514,-1.6493012393631243,-3.281017076595127,-10.349964582515101,-5.053311859505882,3.2513088551347242,91,-854.6192904831198,-765.7226262830953,-1233.906902756506,-1116.0419789148652,-747.9773996165885,-943.653639610835,195.8777414722917,91
98,0.028648185729980468,0.0019138324229818545,0.0036124706268310545,4.9921320742169497e-05,0.1,0.01,6,80,"{'gamma': 0.1, 'learning_rate': 0.01, 'max_depth': 6, 'n_estimators': 80}",-2.749819513859545,-7.236456885196514,-1.6493012393631243,-3.281017076595127,-10.349964582515101,-5.053311859505882,3.2513088551347242,91,-854.6192904831198,-765.7226262830953,-1233.906902756506,-1116.0419789148652,-747.9773996165885,-943.653639610835,195.8777414722917,91
11,0.1525722026824951,0.008546035050150027,0.003755998611450195,6.483993033613633e-05,0.01,0.001,6,500,"{'gamma': 0.01, 'learning_rate': 0.001, 'max_depth': 6, 'n_estimators': 500}",-5.585182099259101,-13.252052920089236,-2.863943185333803,-6.00000187763287,-19.085141582382974,-9.357264332939597,5.957583554029838,97,-1132.5344033390857,-1007.2562681073539,-1490.1572100743476,-1427.105660241008,-995.0128084157128,-1210.4132700355017,209.25941227949704,97
17,0.15170817375183104,0.008176424993144056,0.0037078380584716795,0.0001145762795365607,0.01,0.001,9,500,"{'gamma': 0.01, 'learning_rate': 0.001, 'max_depth': 9, 'n_estimators': 500}",-5.585182099259101,-13.252052920089236,-2.863943185333803,-6.00000187763287,-19.085141582382974,-9.357264332939597,5.957583554029838,97,-1132.5344033390857,-1007.2562681073539,-1490.1572100743476,-1427.105660241008,-995.0128084157128,-1210.4132700355017,209.25941227949704,97
77,0.1519402027130127,0.008461495366936796,0.003672075271606445,0.00010070699181911185,0.1,0.001,3,500,"{'gamma': 0.1, 'learning_rate': 0.001, 'max_depth': 3, 'n_estimators': 500}",-5.585182099259101,-13.252052920089236,-2.863943185333803,-6.00000187763287,-19.085141582382974,-9.357264332939597,5.957583554029838,97,-1132.5344033390857,-1007.2562681073539,-1490.1572100743476,-1427.105660241008,-995.0128084157128,-1210.4132700355017,209.25941227949704,97
5,0.18636488914489746,0.018404540355944445,0.004418659210205078,0.0008312080637200532,0.01,0.001,3,500,"{'gamma': 0.01, 'learning_rate': 0.001, 'max_depth': 3, 'n_estimators': 500}",-5.585182099259101,-13.252052920089236,-2.863943185333803,-6.00000187763287,-19.085141582382974,-9.357264332939597,5.957583554029838,97,-1132.5344033390857,-1007.2562681073539,-1490.1572100743476,-1427.105660241008,-995.0128084157128,-1210.4132700355017,209.25941227949704,97
83,0.15152015686035156,0.008869156801048087,0.004115962982177734,0.0007462659748825359,0.1,0.001,6,500,"{'gamma': 0.1, 'learning_rate': 0.001, 'max_depth': 6, 'n_estimators': 500}",-5.585182099259101,-13.252052920089236,-2.863943185333803,-6.00000187763287,-19.085141582382974,-9.357264332939597,5.957583554029838,97,-1132.5344033390857,-1007.2562681073539,-1490.1572100743476,-1427.105660241008,-995.0128084157128,-1210.4132700355017,209.25941227949704,97
89,0.17248930931091308,0.019190086496958823,0.0038661956787109375,0.00020266117761973565,0.1,0.001,9,500,"{'gamma': 0.1, 'learning_rate': 0.001, 'max_depth': 9, 'n_estimators': 500}",-5.585182099259101,-13.252052920089236,-2.863943185333803,-6.00000187763287,-19.085141582382974,-9.357264332939597,5.957583554029838,97,-1132.5344033390857,-1007.2562681073539,-1490.1572100743476,-1427.105660241008,-995.0128084157128,-1210.4132700355017,209.25941227949704,97
19,0.015491294860839843,0.00023058547337624839,0.0035542011260986327,3.92531699874238e-05,0.01,0.01,3,40,"{'gamma': 0.01, 'learning_rate': 0.01, 'max_depth': 3, 'n_estimators': 40}",-6.847149778914771,-16.01194426073043,-3.3992210853776763,-7.194861147702111,-23.318894808239286,-11.354414216192854,7.290319528510906,103,-1236.2988923559647,-1100.4700845052566,-1590.0274302026892,-1544.1086294403865,-1094.8714712907777,-1313.1553015590148,213.90996004137966,103
25,0.015171575546264648,0.0004059452657015374,0.003523731231689453,5.527807638960112e-05,0.01,0.01,6,40,"{'gamma': 0.01, 'learning_rate': 0.01, 'max_depth': 6, 'n_estimators': 40}",-6.847149778914771,-16.01194426073043,-3.3992210853776763,-7.194861147702111,-23.318894808239286,-11.354414216192854,7.290319528510906,103,-1236.2988923559647,-1100.4700845052566,-1590.0274302026892,-1544.1086294403865,-1094.8714712907777,-1313.1553015590148,213.90996004137966,103
31,0.01517624855041504,0.0006592172635702157,0.0035482406616210937,3.8664290325274876e-05,0.01,0.01,9,40,"{'gamma': 0.01, 'learning_rate': 0.01, 'max_depth': 9, 'n_estimators': 40}",-6.847149778914771,-16.01194426073043,-3.3992210853776763,-7.194861147702111,-23.318894808239286,-11.354414216192854,7.290319528510906,103,-1236.2988923559647,-1100.4700845052566,-1590.0274302026892,-1544.1086294403865,-1094.8714712907777,-1313.1553015590148,213.90996004137966,103
103,0.015527868270874023,0.0007547954259484153,0.003565692901611328,7.379408983482922e-05,0.1,0.01,9,40,"{'gamma': 0.1, 'learning_rate': 0.01, 'max_depth': 9, 'n_estimators': 40}",-6.847149778914771,-16.01194426073043,-3.3992210853776763,-7.194861147702111,-23.318894808239286,-11.354414216192854,7.290319528510906,103,-1236.2988923559647,-1100.4700845052566,-1590.0274302026892,-1544.1086294403865,-1094.8714712907777,-1313.1553015590148,213.90996004137966,103
97,0.01784658432006836,0.0011260671582126553,0.0036420345306396483,9.519888766333444e-05,0.1,0.01,6,40,"{'gamma': 0.1, 'learning_rate': 0.01, 'max_depth': 6, 'n_estimators': 40}",-6.847149778914771,-16.01194426073043,-3.3992210853776763,-7.194861147702111,-23.318894808239286,-11.354414216192854,7.290319528510906,103,-1236.2988923559647,-1100.4700845052566,-1590.0274302026892,-1544.1086294403865,-1094.8714712907777,-1313.1553015590148,213.90996004137966,103
91,0.017412996292114256,0.0014726588383506697,0.003902292251586914,0.0003950611999653698,0.1,0.01,3,40,"{'gamma': 0.1, 'learning_rate': 0.01, 'max_depth': 3, 'n_estimators': 40}",-6.847149778914771,-16.01194426073043,-3.3992210853776763,-7.194861147702111,-23.318894808239286,-11.354414216192854,7.290319528510906,103,-1236.2988923559647,-1100.4700845052566,-1590.0274302026892,-1544.1086294403865,-1094.8714712907777,-1313.1553015590148,213.90996004137966,103
16,0.10422296524047851,0.010148493922403532,0.0036882877349853514,5.820215050840408e-05,0.01,0.001,9,340,"{'gamma': 0.01, 'learning_rate': 0.001, 'max_depth': 9, 'n_estimators': 340}",-7.736704334548239,-18.062030896675132,-3.780055233808546,-8.029648600715086,-26.40884383451985,-12.80345658005337,8.278190128086827,109,-1304.4917247715534,-1164.8925025727187,-1657.4223080286934,-1620.848693169442,-1162.3490922090102,-1382.0008641502836,216.4697971756339,109
88,0.10446934700012207,0.009414833714381808,0.004043149948120117,0.0005461127811647229,0.1,0.001,9,340,"{'gamma': 0.1, 'learning_rate': 0.001, 'max_depth': 9, 'n_estimators': 340}",-7.736704334548239,-18.062030896675132,-3.780055233808546,-8.029648600715086,-26.40884383451985,-12.80345658005337,8.278190128086827,109,-1304.4917247715534,-1164.8925025727187,-1657.4223080286934,-1620.848693169442,-1162.3490922090102,-1382.0008641502836,216.4697971756339,109
76,0.10128512382507324,0.006283748950621306,0.0041029930114746095,0.0004928650178395084,0.1,0.001,3,340,"{'gamma': 0.1, 'learning_rate': 0.001, 'max_depth': 3, 'n_estimators': 340}",-7.736704334548239,-18.062030896675132,-3.780055233808546,-8.029648600715086,-26.40884383451985,-12.80345658005337,8.278190128086827,109,-1304.4917247715534,-1164.8925025727187,-1657.4223080286934,-1620.848693169442,-1162.3490922090102,-1382.0008641502836,216.4697971756339,109
10,0.10913467407226562,0.01317357616280898,0.00470576286315918,0.0014646232862519243,0.01,0.001,6,340,"{'gamma': 0.01, 'learning_rate': 0.001, 'max_depth': 6, 'n_estimators': 340}",-7.736704334548239,-18.062030896675132,-3.780055233808546,-8.029648600715086,-26.40884383451985,-12.80345658005337,8.278190128086827,109,-1304.4917247715534,-1164.8925025727187,-1657.4223080286934,-1620.848693169442,-1162.3490922090102,-1382.0008641502836,216.4697971756339,109
4,0.10891933441162109,0.005927170368491554,0.004305458068847657,0.0006372477829099811,0.01,0.001,3,340,"{'gamma': 0.01, 'learning_rate': 0.001, 'max_depth': 3, 'n_estimators': 340}",-7.736704334548239,-18.062030896675132,-3.780055233808546,-8.029648600715086,-26.40884383451985,-12.80345658005337,8.278190128086827,109,-1304.4917247715534,-1164.8925025727187,-1657.4223080286934,-1620.848693169442,-1162.3490922090102,-1382.0008641502836,216.4697971756339,109
82,0.10107307434082032,0.005606861388362824,0.004004669189453125,0.000175103759214642,0.1,0.001,6,340,"{'gamma': 0.1, 'learning_rate': 0.001, 'max_depth': 6, 'n_estimators': 340}",-7.736704334548239,-18.062030896675132,-3.780055233808546,-8.029648600715086,-26.40884383451985,-12.80345658005337,8.278190128086827,109,-1304.4917247715534,-1164.8925025727187,-1657.4223080286934,-1620.848693169442,-1162.3490922090102,-1382.0008641502836,216.4697971756339,109
102,0.009306764602661133,0.0006881325831331628,0.0036930084228515626,0.0002975166058308677,0.1,0.01,9,20,"{'gamma': 0.1, 'learning_rate': 0.01, 'max_depth': 9, 'n_estimators': 20}",-10.138264141822471,-23.482567073660427,-4.791143120293475,-10.305583778782541,-34.93032744297828,-16.72957711150744,10.991901466291255,115,-1472.910185911592,-1320.1696429682418,-1824.3109777036573,-1813.6502776937016,-1330.8276336289648,-1552.3737435812313,224.2905110582992,115
18,0.011011266708374023,0.0029264521289498364,0.003650951385498047,0.0002280546380124966,0.01,0.01,3,20,"{'gamma': 0.01, 'learning_rate': 0.01, 'max_depth': 3, 'n_estimators': 20}",-10.138264141822471,-23.482567073660427,-4.791143120293475,-10.305583778782541,-34.93032744297828,-16.72957711150744,10.991901466291255,115,-1472.910185911592,-1320.1696429682418,-1824.3109777036573,-1813.6502776937016,-1330.8276336289648,-1552.3737435812313,224.2905110582992,115
24,0.011024045944213866,0.002179402598145175,0.0040590763092041016,0.0006403175958045222,0.01,0.01,6,20,"{'gamma': 0.01, 'learning_rate': 0.01, 'max_depth': 6, 'n_estimators': 20}",-10.138264141822471,-23.482567073660427,-4.791143120293475,-10.305583778782541,-34.93032744297828,-16.72957711150744,10.991901466291255,115,-1472.910185911592,-1320.1696429682418,-1824.3109777036573,-1813.6502776937016,-1330.8276336289648,-1552.3737435812313,224.2905110582992,115
30,0.010443496704101562,0.002341915172950601,0.004075145721435547,0.0008536891777642152,0.01,0.01,9,20,"{'gamma': 0.01, 'learning_rate': 0.01, 'max_depth': 9, 'n_estimators': 20}",-10.138264141822471,-23.482567073660427,-4.791143120293475,-10.305583778782541,-34.93032744297828,-16.72957711150744,10.991901466291255,115,-1472.910185911592,-1320.1696429682418,-1824.3109777036573,-1813.6502776937016,-1330.8276336289648,-1552.3737435812313,224.2905110582992,115
96,0.011777591705322266,0.0022901170959940074,0.0041945457458496095,0.00030657059831029246,0.1,0.01,6,20,"{'gamma': 0.1, 'learning_rate': 0.01, 'max_depth': 6, 'n_estimators': 20}",-10.138264141822471,-23.482567073660427,-4.791143120293475,-10.305583778782541,-34.93032744297828,-16.72957711150744,10.991901466291255,115,-1472.910185911592,-1320.1696429682418,-1824.3109777036573,-1813.6502776937016,-1330.8276336289648,-1552.3737435812313,224.2905110582992,115
90,0.011184883117675782,0.0029926012296429844,0.0060421466827392575,0.0008939318181891644,0.1,0.01,3,20,"{'gamma': 0.1, 'learning_rate': 0.01, 'max_depth': 3, 'n_estimators': 20}",-10.138264141822471,-23.482567073660427,-4.791143120293475,-10.305583778782541,-34.93032744297828,-16.72957711150744,10.991901466291255,115,-1472.910185911592,-1320.1696429682418,-1824.3109777036573,-1813.6502776937016,-1330.8276336289648,-1552.3737435812313,224.2905110582992,115
15,0.04912924766540527,0.004363309556046266,0.003698587417602539,3.446183659608248e-05,0.01,0.001,9,160,"{'gamma': 0.01, 'learning_rate': 0.001, 'max_depth': 9, 'n_estimators': 160}",-10.937846952191759,-25.404731340390104,-5.123023154598029,-11.064197138603495,-37.88218396825235,-18.08239651080715,11.949001961048143,121,-1524.8618970234786,-1371.0147970008652,-1875.8567627958053,-1873.511067870263,-1384.4158025173244,-1605.9320654415474,225.95832126364076,121
3,0.049640226364135745,0.007765523862587535,0.003652811050415039,3.2368428430723494e-05,0.01,0.001,3,160,"{'gamma': 0.01, 'learning_rate': 0.001, 'max_depth': 3, 'n_estimators': 160}",-10.937846952191759,-25.404731340390104,-5.123023154598029,-11.064197138603495,-37.88218396825235,-18.08239651080715,11.949001961048143,121,-1524.8618970234786,-1371.0147970008652,-1875.8567627958053,-1873.511067870263,-1384.4158025173244,-1605.9320654415474,225.95832126364076,121
87,0.049802541732788086,0.0024477269961491774,0.0037512779235839844,0.00021870155884440648,0.1,0.001,9,160,"{'gamma': 0.1, 'learning_rate': 0.001, 'max_depth': 9, 'n_estimators': 160}",-10.937846952191759,-25.404731340390104,-5.123023154598029,-11.064197138603495,-37.88218396825235,-18.08239651080715,11.949001961048143,121,-1524.8618970234786,-1371.0147970008652,-1875.8567627958053,-1873.511067870263,-1384.4158025173244,-1605.9320654415474,225.95832126364076,121
75,0.04906740188598633,0.0033361561226841565,0.003663492202758789,3.821765788077165e-05,0.1,0.001,3,160,"{'gamma': 0.1, 'learning_rate': 0.001, 'max_depth': 3, 'n_estimators': 160}",-10.937846952191759,-25.404731340390104,-5.123023154598029,-11.064197138603495,-37.88218396825235,-18.08239651080715,11.949001961048143,121,-1524.8618970234786,-1371.0147970008652,-1875.8567627958053,-1873.511067870263,-1384.4158025173244,-1605.9320654415474,225.95832126364076,121
81,0.04789094924926758,0.0033185537896478234,0.0036630153656005858,2.950593433280175e-05,0.1,0.001,6,160,"{'gamma': 0.1, 'learning_rate': 0.001, 'max_depth': 6, 'n_estimators': 160}",-10.937846952191759,-25.404731340390104,-5.123023154598029,-11.064197138603495,-37.88218396825235,-18.08239651080715,11.949001961048143,121,-1524.8618970234786,-1371.0147970008652,-1875.8567627958053,-1873.511067870263,-1384.4158025173244,-1605.9320654415474,225.95832126364076,121
9,0.05170230865478516,0.003165160036769809,0.0037114620208740234,0.00020227323214368805,0.01,0.001,6,160,"{'gamma': 0.01, 'learning_rate': 0.001, 'max_depth': 6, 'n_estimators': 160}",-10.937846952191759,-25.404731340390104,-5.123023154598029,-11.064197138603495,-37.88218396825235,-18.08239651080715,11.949001961048143,121,-1524.8618970234786,-1371.0147970008652,-1875.8567627958053,-1873.511067870263,-1384.4158025173244,-1605.9320654415474,225.95832126364076,121
2,0.029783058166503906,0.008956412802923043,0.0036041259765625,4.804554984750765e-05,0.01,0.001,3,80,"{'gamma': 0.01, 'learning_rate': 0.001, 'max_depth': 3, 'n_estimators': 80}",-12.681659825319983,-29.73814159789574,-5.8485669306125745,-12.579848105287788,-44.4041046897578,-21.05046422977478,14.097901737275894,127,-1632.4387796020083,-1479.2448602421814,-1983.8853695927203,-1987.7167916770863,-1496.0247577514544,-1715.8621117730902,226.72321099250254,127
80,0.025934505462646484,0.0019331285876974791,0.003866720199584961,0.0005785002356253631,0.1,0.001,6,80,"{'gamma': 0.1, 'learning_rate': 0.001, 'max_depth': 6, 'n_estimators': 80}",-12.681659825319983,-29.73814159789574,-5.8485669306125745,-12.579848105287788,-44.4041046897578,-21.05046422977478,14.097901737275894,127,-1632.4387796020083,-1479.2448602421814,-1983.8853695927203,-1987.7167916770863,-1496.0247577514544,-1715.8621117730902,226.72321099250254,127
86,0.02654881477355957,0.0024099098035554427,0.0036963939666748045,0.0001933431737675253,0.1,0.001,9,80,"{'gamma': 0.1, 'learning_rate': 0.001, 'max_depth': 9, 'n_estimators': 80}",-12.681659825319983,-29.73814159789574,-5.8485669306125745,-12.579848105287788,-44.4041046897578,-21.05046422977478,14.097901737275894,127,-1632.4387796020083,-1479.2448602421814,-1983.8853695927203,-1987.7167916770863,-1496.0247577514544,-1715.8621117730902,226.72321099250254,127
14,0.026955270767211915,0.0026412418441179287,0.0036099910736083984,5.503052017666057e-05,0.01,0.001,9,80,"{'gamma': 0.01, 'learning_rate': 0.001, 'max_depth': 9, 'n_estimators': 80}",-12.681659825319983,-29.73814159789574,-5.8485669306125745,-12.579848105287788,-44.4041046897578,-21.05046422977478,14.097901737275894,127,-1632.4387796020083,-1479.2448602421814,-1983.8853695927203,-1987.7167916770863,-1496.0247577514544,-1715.8621117730902,226.72321099250254,127
8,0.028449821472167968,0.004277194554582161,0.003864574432373047,0.0002961625340385188,0.01,0.001,6,80,"{'gamma': 0.01, 'learning_rate': 0.001, 'max_depth': 6, 'n_estimators': 80}",-12.681659825319983,-29.73814159789574,-5.8485669306125745,-12.579848105287788,-44.4041046897578,-21.05046422977478,14.097901737275894,127,-1632.4387796020083,-1479.2448602421814,-1983.8853695927203,-1987.7167916770863,-1496.0247577514544,-1715.8621117730902,226.72321099250254,127
74,0.027385139465332033,0.005578217245601521,0.003640413284301758,0.0001586309017324434,0.1,0.001,3,80,"{'gamma': 0.1, 'learning_rate': 0.001, 'max_depth': 3, 'n_estimators': 80}",-12.681659825319983,-29.73814159789574,-5.8485669306125745,-12.579848105287788,-44.4041046897578,-21.05046422977478,14.097901737275894,127,-1632.4387796020083,-1479.2448602421814,-1983.8853695927203,-1987.7167916770863,-1496.0247577514544,-1715.8621117730902,226.72321099250254,127
7,0.014418840408325195,0.001070938890982317,0.0035313129425048827,6.89918611251841e-05,0.01,0.001,6,40,"{'gamma': 0.01, 'learning_rate': 0.001, 'max_depth': 6, 'n_estimators': 40}",-13.650656179301869,-32.18974369559314,-6.252054312596244,-13.401369024062928,-48.058736808325264,-22.710512003975886,15.310194605938033,133,-1689.2582450575057,-1537.1038658740301,-2041.4899507406597,-2046.9580382321876,-1555.0680670604027,-1773.975633392957,226.84315994509458,133
1,0.014478349685668945,0.0010697115375494339,0.0035792827606201173,4.078075746412044e-05,0.01,0.001,3,40,"{'gamma': 0.01, 'learning_rate': 0.001, 'max_depth': 3, 'n_estimators': 40}",-13.650656179301869,-32.18974369559314,-6.252054312596244,-13.401369024062928,-48.058736808325264,-22.710512003975886,15.310194605938033,133,-1689.2582450575057,-1537.1038658740301,-2041.4899507406597,-2046.9580382321876,-1555.0680670604027,-1773.975633392957,226.84315994509458,133
73,0.01433858871459961,0.0011848282194918513,0.003494453430175781,5.4567632681370294e-05,0.1,0.001,3,40,"{'gamma': 0.1, 'learning_rate': 0.001, 'max_depth': 3, 'n_estimators': 40}",-13.650656179301869,-32.18974369559314,-6.252054312596244,-13.401369024062928,-48.058736808325264,-22.710512003975886,15.310194605938033,133,-1689.2582450575057,-1537.1038658740301,-2041.4899507406597,-2046.9580382321876,-1555.0680670604027,-1773.975633392957,226.84315994509458,133
13,0.014331436157226563,0.0010728455706318122,0.0035068035125732423,4.426004454586204e-05,0.01,0.001,9,40,"{'gamma': 0.01, 'learning_rate': 0.001, 'max_depth': 9, 'n_estimators': 40}",-13.650656179301869,-32.18974369559314,-6.252054312596244,-13.401369024062928,-48.058736808325264,-22.710512003975886,15.310194605938033,133,-1689.2582450575057,-1537.1038658740301,-2041.4899507406597,-2046.9580382321876,-1555.0680670604027,-1773.975633392957,226.84315994509458,133
85,0.01715197563171387,0.002258857515656234,0.003856801986694336,0.00022744495654838777,0.1,0.001,9,40,"{'gamma': 0.1, 'learning_rate': 0.001, 'max_depth': 9, 'n_estimators': 40}",-13.650656179301869,-32.18974369559314,-6.252054312596244,-13.401369024062928,-48.058736808325264,-22.710512003975886,15.310194605938033,133,-1689.2582450575057,-1537.1038658740301,-2041.4899507406597,-2046.9580382321876,-1555.0680670604027,-1773.975633392957,226.84315994509458,133
79,0.014317798614501952,0.0011207515017335303,0.003507375717163086,3.0189855548084287e-05,0.1,0.001,6,40,"{'gamma': 0.1, 'learning_rate': 0.001, 'max_depth': 6, 'n_estimators': 40}",-13.650656179301869,-32.18974369559314,-6.252054312596244,-13.401369024062928,-48.058736808325264,-22.710512003975886,15.310194605938033,133,-1689.2582450575057,-1537.1038658740301,-2041.4899507406597,-2046.9580382321876,-1555.0680670604027,-1773.975633392957,226.84315994509458,133
6,0.011445140838623047,0.003214799256397729,0.003839397430419922,0.0004354637803453224,0.01,0.001,6,20,"{'gamma': 0.01, 'learning_rate': 0.001, 'max_depth': 6, 'n_estimators': 20}",-14.187223837818545,-33.48626099140119,-6.464881497196121,-13.83414365946019,-49.99328318059267,-23.593158633293744,15.949469650543804,139,-1719.9138985971144,-1566.8388118281957,-2071.229301332486,-2077.4868844688963,-1585.4323295428253,-1804.1802451539036,226.84538400366404,139
72,0.008981895446777344,0.0005508774730625881,0.0034639835357666016,4.759135838776476e-05,0.1,0.001,3,20,"{'gamma': 0.1, 'learning_rate': 0.001, 'max_depth': 3, 'n_estimators': 20}",-14.187223837818545,-33.48626099140119,-6.464881497196121,-13.83414365946019,-49.99328318059267,-23.593158633293744,15.949469650543804,139,-1719.9138985971144,-1566.8388118281957,-2071.229301332486,-2077.4868844688963,-1585.4323295428253,-1804.1802451539036,226.84538400366404,139
84,0.009962987899780274,0.0005809447705526496,0.004314947128295899,0.0005275929694279351,0.1,0.001,9,20,"{'gamma': 0.1, 'learning_rate': 0.001, 'max_depth': 9, 'n_estimators': 20}",-14.187223837818545,-33.48626099140119,-6.464881497196121,-13.83414365946019,-49.99328318059267,-23.593158633293744,15.949469650543804,139,-1719.9138985971144,-1566.8388118281957,-2071.229301332486,-2077.4868844688963,-1585.4323295428253,-1804.1802451539036,226.84538400366404,139
78,0.010529041290283203,0.0029875778347462772,0.003687143325805664,0.0003656470532134772,0.1,0.001,6,20,"{'gamma': 0.1, 'learning_rate': 0.001, 'max_depth': 6, 'n_estimators': 20}",-14.187223837818545,-33.48626099140119,-6.464881497196121,-13.83414365946019,-49.99328318059267,-23.593158633293744,15.949469650543804,139,-1719.9138985971144,-1566.8388118281957,-2071.229301332486,-2077.4868844688963,-1585.4323295428253,-1804.1802451539036,226.84538400366404,139
12,0.010560178756713867,0.0028783047728991908,0.0036357879638671876,0.0001285441546605421,0.01,0.001,9,20,"{'gamma': 0.01, 'learning_rate': 0.001, 'max_depth': 9, 'n_estimators': 20}",-14.187223837818545,-33.48626099140119,-6.464881497196121,-13.83414365946019,-49.99328318059267,-23.593158633293744,15.949469650543804,139,-1719.9138985971144,-1566.8388118281957,-2071.229301332486,-2077.4868844688963,-1585.4323295428253,-1804.1802451539036,226.84538400366404,139
0,0.014030790328979493,0.0059069973702551,0.0038692474365234373,0.0004885235526105966,0.01,0.001,3,20,"{'gamma': 0.01, 'learning_rate': 0.001, 'max_depth': 3, 'n_estimators': 20}",-14.187223837818545,-33.48626099140119,-6.464881497196121,-13.83414365946019,-49.99328318059267,-23.593158633293744,15.949469650543804,139,-1719.9138985971144,-1566.8388118281957,-2071.229301332486,-2077.4868844688963,-1585.4323295428253,-1804.1802451539036,226.84538400366404,139
