Year,Veterinary Office,Animal Count,Herd Incidence Rate,Restricted Herds at end of Year,Restricted Herds at start of Year,Herds Tested,Herds Count,Reactors per 1000 Tests A.P.T.,Reactors to date,Tests on Animals
2010,Carlow,86258.0,4.02,28.0,52.0,1295.0,1353.0,1.14,124.0,108584.0
2010,Cavan,202119.0,5.32,124.0,257.0,4832.0,4915.0,3.13,981.0,313822.0
2010,Clare,237260.0,5.71,175.0,350.0,6134.0,6282.0,5.05,1947.0,385705.0
2010,Cork North,462707.0,4.43,119.0,259.0,5849.0,5986.0,1.62,1078.0,664648.0
2010,Cork South,417478.0,6.3,216.0,385.0,6107.0,6310.0,2.72,1592.0,586105.0
2010,Donegal,173025.0,3.34,100.0,182.0,5449.0,5579.0,1.71,396.0,232021.0
2010,Dublin,20455.0,7.16,16.0,28.0,391.0,398.0,1.99,60.0,30096.0
2010,Galway,356143.0,3.98,221.0,463.0,11639.0,11796.0,3.15,1579.0,500797.0
2010,Kerry,284772.0,2.22,84.0,151.0,6790.0,6895.0,1.49,601.0,402235.0
2010,Kildare,103685.0,5.23,58.0,94.0,1798.0,1861.0,1.31,182.0,138426.0
2010,Kilkenny,282632.0,6.19,103.0,185.0,2989.0,3143.0,1.95,737.0,378100.0
2010,Laois,202064.0,5.46,71.0,154.0,2821.0,2878.0,1.47,404.0,274815.0
2010,Leitrim,67461.0,2.74,37.0,84.0,3061.0,3106.0,2.53,265.0,104696.0
2010,Limerick,320813.0,3.12,109.0,169.0,5416.0,5627.0,1.86,866.0,466762.0
2010,Longford,103406.0,3.43,49.0,82.0,2394.0,2445.0,1.68,248.0,147910.0
2010,Louth,74736.0,6.01,41.0,68.0,1131.0,1196.0,3.22,339.0,105185.0
2010,Mayo,237301.0,1.95,96.0,189.0,9716.0,9772.0,1.08,361.0,333497.0
2010,Meath,241554.0,8.0,156.0,281.0,3512.0,3674.0,2.47,1031.0,416730.0
2010,Monaghan,182478.0,3.56,91.0,149.0,4189.0,4292.0,2.6,645.0,248441.0
2010,Offaly,190316.0,6.47,96.0,195.0,3013.0,3170.0,2.49,676.0,271410.0
2010,Roscommon,171826.0,4.69,132.0,256.0,5463.0,5529.0,2.51,731.0,291568.0
2010,Sligo,97915.0,3.11,49.0,113.0,3635.0,3686.0,1.46,220.0,150548.0
2010,Tipperary North,256811.0,6.92,138.0,232.0,3355.0,3446.0,2.45,931.0,380595.0
2010,Tipperary South,254772.0,5.23,90.0,173.0,3307.0,3415.0,1.97,747.0,379125.0
2010,Waterford,209529.0,5.55,60.0,122.0,2198.0,2243.0,1.41,414.0,293603.0
2010,Westmeath,173659.0,6.75,117.0,200.0,2963.0,3076.0,3.12,883.0,282900.0
2010,Wexford,235247.0,8.08,148.0,241.0,2981.0,3105.0,3.75,1255.0,334745.0
2010,Wicklow E,67509.0,15.72,104.0,164.0,1043.0,1079.0,7.28,833.0,114380.0
2010,Wicklow W,37633.0,4.81,21.0,26.0,540.0,558.0,1.59,85.0,53301.0
2011,Carlow,85784.0,4.98,42.0,66.0,1326.0,1360.0,1.9,210.0,110581.0
2011,Cavan,205467.0,3.96,84.0,190.0,4803.0,4857.0,2.39,717.0,299639.0
2011,Clare,240713.0,4.68,144.0,286.0,6105.0,6164.0,3.26,1185.0,363493.0
2011,Cork North,471086.0,5.45,147.0,310.0,5689.0,5790.0,1.68,1137.0,677129.0
2011,Cork South,421122.0,5.8,211.0,355.0,6119.0,6217.0,2.3,1368.0,593580.0
2011,Donegal,171436.0,3.38,105.0,185.0,5467.0,5560.0,1.78,415.0,233334.0
2011,Dublin,19646.0,5.43,12.0,21.0,387.0,391.0,1.72,50.0,29001.0
2011,Galway,362404.0,3.34,179.0,384.0,11509.0,11599.0,2.25,1114.0,494843.0
2011,Kerry,288866.0,2.67,112.0,184.0,6881.0,6952.0,2.84,1169.0,411183.0
2011,Kildare,104611.0,3.74,43.0,71.0,1900.0,1921.0,1.86,260.0,139587.0
2011,Kilkenny,287068.0,6.7,107.0,206.0,3075.0,3137.0,2.3,917.0,398748.0
2011,Laois,205420.0,4.48,65.0,130.0,2900.0,2915.0,1.53,420.0,275124.0
2011,Leitrim,66904.0,2.35,31.0,72.0,3058.0,3093.0,2.45,244.0,99644.0
2011,Limerick,329729.0,2.83,89.0,152.0,5369.0,5487.0,1.0,468.0,466189.0
2011,Longford,102109.0,4.28,49.0,102.0,2382.0,2431.0,1.51,211.0,140002.0
2011,Louth,74341.0,4.33,34.0,50.0,1155.0,1190.0,2.43,264.0,108789.0
2011,Mayo,236628.0,1.88,86.0,182.0,9673.0,9709.0,0.97,313.0,321607.0
2011,Meath,242703.0,7.65,165.0,273.0,3567.0,3700.0,2.35,975.0,414980.0
2011,Monaghan,185226.0,2.7,55.0,113.0,4191.0,4259.0,1.46,361.0,246728.0
2011,Offaly,191844.0,4.68,81.0,144.0,3078.0,3157.0,2.02,508.0,251369.0
2011,Roscommon,172494.0,3.95,109.0,215.0,5443.0,5499.0,2.11,573.0,271590.0
2011,Sligo,97846.0,2.57,38.0,93.0,3613.0,3646.0,2.03,278.0,136753.0
2011,Tipperary North,261294.0,4.33,103.0,148.0,3419.0,3488.0,2.08,775.0,371880.0
2011,Tipperary South,262528.0,3.94,68.0,133.0,3373.0,3460.0,1.55,577.0,371715.0
2011,Waterford,212483.0,5.14,70.0,113.0,2197.0,2234.0,2.03,581.0,286047.0
2011,Westmeath,175427.0,5.24,86.0,160.0,3053.0,3141.0,3.2,880.0,275271.0
2011,Wexford,239538.0,9.47,157.0,285.0,3008.0,3068.0,3.79,1406.0,371002.0
2011,Wicklow E,67115.0,11.1,77.0,114.0,1027.0,1065.0,5.63,665.0,118167.0
2011,Wicklow W,37449.0,7.6,29.0,43.0,566.0,571.0,9.02,490.0,54310.0
2012,Carlow,92062.0,4.71,40.0,61.0,1296.0,1333.0,1.54,182.0,118445.0
2012,Cavan,216445.0,3.86,99.0,186.0,4814.0,4878.0,2.52,773.0,306322.0
2012,Clare,255186.0,5.06,151.0,310.0,6128.0,6249.0,3.02,1136.0,375738.0
2012,Cork North,497532.0,5.09,165.0,290.0,5692.0,5812.0,1.87,1279.0,685385.0
2012,Cork South,440351.0,6.0,221.0,367.0,6112.0,6228.0,2.03,1218.0,600131.0
2012,Donegal,176413.0,4.28,152.0,233.0,5439.0,5549.0,2.57,609.0,237415.0
2012,Dublin,21432.0,6.63,15.0,25.0,377.0,384.0,1.62,47.0,28942.0
2012,Galway,383029.0,2.53,154.0,291.0,11515.0,11611.0,2.03,997.0,490530.0
2012,Kerry,301262.0,2.66,90.0,180.0,6758.0,6846.0,3.34,1394.0,417792.0
2012,Kildare,111987.0,4.21,43.0,78.0,1852.0,1881.0,0.91,129.0,142051.0
2012,Kilkenny,306559.0,6.62,123.0,203.0,3067.0,3150.0,2.01,845.0,419685.0
2012,Laois,219748.0,4.91,77.0,140.0,2849.0,2879.0,1.73,475.0,274993.0
2012,Leitrim,70745.0,2.27,32.0,69.0,3042.0,3064.0,2.35,222.0,94345.0
2012,Limerick,346676.0,4.06,111.0,219.0,5394.0,5514.0,2.17,1084.0,499809.0
2012,Longford,105955.0,3.47,42.0,84.0,2419.0,2442.0,1.96,276.0,140514.0
2012,Louth,78467.0,4.7,31.0,54.0,1148.0,1186.0,1.06,115.0,108147.0
2012,Mayo,248198.0,2.01,83.0,192.0,9560.0,9618.0,1.46,492.0,336864.0
2012,Meath,256343.0,7.39,152.0,264.0,3570.0,3695.0,2.19,939.0,428439.0
2012,Monaghan,195866.0,2.73,60.0,114.0,4170.0,4256.0,2.62,684.0,261213.0
2012,Offaly,204472.0,4.51,78.0,140.0,3103.0,3154.0,1.79,455.0,253856.0
2012,Roscommon,182126.0,4.65,138.0,252.0,5424.0,5477.0,2.61,725.0,277653.0
2012,Sligo,103001.0,3.5,78.0,126.0,3596.0,3625.0,2.45,333.0,136028.0
2012,Tipperary North,278847.0,5.5,100.0,185.0,3361.0,3445.0,1.69,659.0,391074.0
2012,Tipperary South,278382.0,3.5,58.0,117.0,3347.0,3432.0,0.92,340.0,370441.0
2012,Waterford,224151.0,4.7,50.0,103.0,2193.0,2242.0,0.98,289.0,294841.0
2012,Westmeath,183830.0,5.66,107.0,173.0,3054.0,3096.0,3.25,903.0,277644.0
2012,Wexford,254949.0,7.82,115.0,234.0,2994.0,3091.0,2.43,926.0,381628.0
2012,Wicklow E,71623.0,10.64,72.0,112.0,1053.0,1087.0,6.04,724.0,119905.0
2012,Wicklow W,39832.0,9.64,28.0,54.0,560.0,563.0,3.49,226.0,64847.0
2013,Carlow,93990.0,2.53,23.0,33.0,1302.0,1340.0,0.71,85.0,119007.0
2013,Cavan,213956.0,4.41,114.0,212.0,4804.0,4860.0,2.93,891.0,304476.0
2013,Clare,254855.0,4.83,151.0,299.0,6187.0,6265.0,3.15,1205.0,382336.0
2013,Cork North,499164.0,4.5,141.0,257.0,5712.0,5814.0,1.43,996.0,698714.0
2013,Cork South,437926.0,5.04,179.0,306.0,6076.0,6189.0,1.79,1055.0,588299.0
2013,Donegal,176763.0,3.95,95.0,214.0,5411.0,5519.0,1.91,480.0,251465.0
2013,Dublin,21149.0,8.09,18.0,31.0,383.0,392.0,1.82,57.0,31274.0
2013,Galway,382478.0,2.71,160.0,312.0,11528.0,11600.0,1.79,879.0,490656.0
2013,Kerry,301122.0,2.8,99.0,188.0,6718.0,6765.0,1.82,778.0,428050.0
2013,Kildare,113902.0,3.71,44.0,70.0,1888.0,1922.0,1.03,150.0,145332.0
2013,Kilkenny,309120.0,5.35,92.0,168.0,3143.0,3183.0,1.4,595.0,425530.0
2013,Laois,221133.0,3.37,63.0,96.0,2847.0,2884.0,2.02,556.0,274984.0
2013,Leitrim,68756.0,2.32,40.0,70.0,3017.0,3046.0,2.03,191.0,93858.0
2013,Limerick,345506.0,3.01,107.0,165.0,5476.0,5546.0,1.87,921.0,492879.0
2013,Longford,104627.0,2.66,39.0,63.0,2366.0,2396.0,1.22,171.0,140689.0
2013,Louth,80012.0,5.12,34.0,59.0,1153.0,1204.0,1.07,118.0,109931.0
2013,Mayo,242978.0,1.92,93.0,184.0,9584.0,9637.0,1.37,446.0,326703.0
2013,Meath,259600.0,6.09,144.0,222.0,3645.0,3758.0,1.87,747.0,400151.0
2013,Monaghan,193793.0,3.15,87.0,133.0,4224.0,4289.0,2.58,675.0,262041.0
2013,Offaly,205891.0,4.13,71.0,126.0,3054.0,3106.0,2.1,545.0,259168.0
2013,Roscommon,177965.0,4.42,139.0,239.0,5410.0,5476.0,2.05,537.0,262559.0
2013,Sligo,102421.0,2.91,48.0,104.0,3572.0,3615.0,1.51,213.0,140999.0
2013,Tipperary North,282415.0,5.09,122.0,172.0,3376.0,3452.0,1.71,645.0,377382.0
2013,Tipperary South,279557.0,2.92,54.0,98.0,3360.0,3441.0,0.75,271.0,363186.0
2013,Waterford,223473.0,3.53,50.0,79.0,2237.0,2256.0,1.6,462.0,289412.0
2013,Westmeath,182950.0,5.04,92.0,150.0,2978.0,3035.0,1.96,533.0,272634.0
2013,Wexford,259206.0,8.44,139.0,253.0,2998.0,3122.0,1.91,709.0,370583.0
2013,Wicklow E,72487.0,8.18,56.0,85.0,1039.0,1082.0,5.03,577.0,114715.0
2013,Wicklow W,39763.0,7.46,18.0,42.0,563.0,571.0,2.14,124.0,57948.0
2014,Carlow,92376.0,1.99,26.0,26.0,1307.0,1330.0,0.29,31.0,108157.0
2014,Cavan,211538.0,3.76,96.0,179.0,4761.0,4817.0,2.22,658.0,296220.0
2014,Clare,247683.0,4.87,156.0,299.0,6138.0,6165.0,4.55,1735.0,381149.0
2014,Cork North,500341.0,4.62,127.0,264.0,5717.0,5790.0,1.64,1160.0,705655.0
2014,Cork South,440393.0,4.24,135.0,255.0,6019.0,6106.0,1.58,908.0,576497.0
2014,Donegal,168494.0,2.85,66.0,152.0,5339.0,5452.0,2.02,445.0,220837.0
2014,Dublin,20656.0,7.29,13.0,28.0,384.0,388.0,1.53,52.0,33928.0
2014,Galway,382292.0,2.83,172.0,321.0,11330.0,11422.0,2.06,1007.0,489265.0
2014,Kerry,301475.0,3.02,96.0,204.0,6764.0,6801.0,2.73,1177.0,431453.0
2014,Kildare,114561.0,4.5,54.0,85.0,1890.0,1914.0,1.2,178.0,148841.0
2014,Kilkenny,310848.0,4.42,79.0,139.0,3144.0,3174.0,0.93,391.0,418301.0
2014,Laois,220059.0,3.23,55.0,92.0,2848.0,2876.0,1.38,377.0,272402.0
2014,Leitrim,67107.0,2.98,38.0,88.0,2951.0,2988.0,2.69,251.0,93290.0
2014,Limerick,343600.0,2.52,66.0,137.0,5431.0,5483.0,1.11,557.0,500552.0
2014,Longford,102950.0,2.12,36.0,50.0,2360.0,2384.0,1.08,139.0,128723.0
2014,Louth,81025.0,3.73,19.0,43.0,1153.0,1196.0,1.03,115.0,111171.0
2014,Mayo,240749.0,1.39,66.0,130.0,9325.0,9501.0,0.83,266.0,320796.0
2014,Meath,256946.0,5.48,112.0,194.0,3538.0,3659.0,1.62,656.0,404428.0
2014,Monaghan,190963.0,2.54,61.0,106.0,4166.0,4246.0,1.45,372.0,257034.0
2014,Offaly,205762.0,4.8,87.0,146.0,3042.0,3091.0,1.12,300.0,267030.0
2014,Roscommon,176843.0,4.31,93.0,231.0,5357.0,5420.0,2.58,679.0,262973.0
2014,Sligo,99850.0,3.09,62.0,109.0,3530.0,3556.0,3.15,428.0,135958.0
2014,Tipperary North,280511.0,4.31,85.0,145.0,3367.0,3439.0,1.97,767.0,390056.0
2014,Tipperary South,277660.0,3.21,57.0,107.0,3333.0,3412.0,0.5,181.0,363799.0
2014,Waterford,227627.0,2.75,32.0,61.0,2220.0,2241.0,1.28,383.0,300380.0
2014,Westmeath,181580.0,6.16,95.0,182.0,2956.0,3015.0,2.72,726.0,267358.0
2014,Wexford,261111.0,6.95,111.0,208.0,2993.0,3039.0,2.57,988.0,384146.0
2014,Wicklow E,71355.0,8.15,57.0,84.0,1031.0,1054.0,8.85,1029.0,116234.0
2014,Wicklow W,39173.0,8.47,25.0,46.0,543.0,549.0,3.22,189.0,58629.0
2015,Carlow,95812.0,4.39,33.0,57.0,1298.0,1330.0,2.18,249.0,114286.0
2015,Cavan,216720.0,3.93,111.0,187.0,4764.0,4820.0,3.16,940.0,297930.0
2015,Clare,255634.0,4.1,125.0,253.0,6169.0,6203.0,3.61,1383.0,383201.0
2015,Cork North,520831.0,3.6,111.0,206.0,5727.0,5799.0,1.34,929.0,691179.0
2015,Cork South,456079.0,3.83,154.0,231.0,6027.0,6130.0,1.98,1127.0,569407.0
2015,Donegal,169242.0,1.98,63.0,106.0,5351.0,5597.0,1.11,242.0,218270.0
2015,Dublin,20820.0,7.14,20.0,27.0,378.0,386.0,2.14,63.0,29407.0
2015,Galway,394334.0,2.57,152.0,289.0,11252.0,11411.0,1.69,848.0,500635.0
2015,Kerry,310683.0,2.05,52.0,139.0,6787.0,6818.0,1.65,717.0,433978.0
2015,Kildare,118193.0,4.31,60.0,82.0,1901.0,1927.0,0.94,138.0,147069.0
2015,Kilkenny,321964.0,4.23,67.0,133.0,3144.0,3173.0,1.67,701.0,419142.0
2015,Laois,228844.0,4.34,76.0,126.0,2904.0,2922.0,1.35,386.0,286727.0
2015,Leitrim,68357.0,2.9,34.0,87.0,2999.0,3023.0,1.92,187.0,97492.0
2015,Limerick,357777.0,1.92,63.0,105.0,5460.0,5507.0,1.52,709.0,465807.0
2015,Longford,105926.0,2.55,37.0,61.0,2388.0,2414.0,1.19,155.0,130204.0
2015,Louth,81508.0,3.95,21.0,47.0,1190.0,1228.0,1.14,120.0,105062.0
2015,Mayo,248070.0,1.45,60.0,134.0,9246.0,9338.0,0.84,269.0,321255.0
2015,Meath,263406.0,5.37,110.0,197.0,3666.0,3782.0,2.02,796.0,394529.0
2015,Monaghan,197850.0,3.1,72.0,129.0,4162.0,4253.0,2.23,595.0,267392.0
2015,Offaly,211417.0,5.2,85.0,159.0,3057.0,3124.0,1.5,427.0,284882.0
2015,Roscommon,183236.0,3.03,83.0,163.0,5387.0,5485.0,1.55,400.0,257872.0
2015,Sligo,102138.0,3.51,54.0,124.0,3537.0,3566.0,2.03,291.0,143315.0
2015,Tipperary North,291575.0,4.1,76.0,138.0,3365.0,3442.0,1.37,533.0,390464.0
2015,Tipperary South,291924.0,3.13,60.0,105.0,3356.0,3440.0,1.08,405.0,376306.0
2015,Waterford,236327.0,2.68,32.0,60.0,2241.0,2250.0,0.86,246.0,287336.0
2015,Westmeath,187070.0,4.95,95.0,147.0,2972.0,3037.0,2.14,573.0,267779.0
2015,Wexford,271968.0,6.29,99.0,189.0,3005.0,3059.0,1.9,704.0,370771.0
2015,Wicklow E,73333.0,6.78,49.0,71.0,1047.0,1071.0,4.98,568.0,113986.0
2015,Wicklow W,40158.0,12.89,37.0,71.0,551.0,556.0,9.64,616.0,63919.0
2016,Carlow,98905.0,2.52,21.0,33.0,1311.0,1325.0,1.05,126.0,119607.0
2016,Cavan,222871.0,3.27,79.0,157.0,4795.0,4875.0,2.68,812.0,302990.0
2016,Clare,257768.0,3.84,135.0,235.0,6124.0,6164.0,3.53,1335.0,378083.0
2016,Cork North,530542.0,4.36,130.0,246.0,5643.0,5874.0,2.15,1534.0,713432.0
2016,Cork South,458753.0,3.56,106.0,212.0,5947.0,6190.0,1.44,884.0,615751.0
2016,Donegal,170385.0,2.21,56.0,117.0,5300.0,5375.0,1.15,249.0,217131.0
2016,Dublin,21363.0,7.05,19.0,26.0,369.0,379.0,1.69,53.0,31404.0
2016,Galway,398962.0,2.6,147.0,289.0,11095.0,11212.0,2.09,1078.0,516534.0
2016,Kerry,311312.0,2.48,98.0,164.0,6608.0,6893.0,2.58,1109.0,429956.0
2016,Kildare,122601.0,3.56,63.0,67.0,1883.0,1910.0,1.74,261.0,150313.0
2016,Kilkenny,328034.0,3.65,63.0,113.0,3093.0,3120.0,0.97,405.0,416548.0
2016,Laois,236636.0,4.2,84.0,120.0,2859.0,2880.0,1.83,523.0,286424.0
2016,Leitrim,68782.0,1.56,25.0,46.0,2942.0,2979.0,1.23,110.0,89142.0
2016,Limerick,372799.0,2.43,71.0,131.0,5395.0,5457.0,1.2,594.0,493179.0
2016,Longford,107843.0,2.35,33.0,56.0,2387.0,2407.0,0.89,120.0,134998.0
2016,Louth,87879.0,3.9,25.0,46.0,1179.0,1220.0,1.86,193.0,103720.0
2016,Mayo,247705.0,1.57,77.0,143.0,9132.0,9193.0,0.86,275.0,319189.0
2016,Meath,274358.0,5.6,127.0,201.0,3589.0,3721.0,2.56,1029.0,401834.0
2016,Monaghan,202605.0,4.01,92.0,168.0,4187.0,4298.0,3.52,1013.0,287636.0
2016,Offaly,220693.0,4.79,72.0,149.0,3109.0,3164.0,1.68,492.0,292814.0
2016,Roscommon,184407.0,2.58,69.0,140.0,5417.0,5497.0,1.48,376.0,253866.0
2016,Sligo,101430.0,2.62,36.0,92.0,3511.0,3547.0,1.53,218.0,142348.0
2016,Tipperary North,301269.0,4.33,88.0,148.0,3416.0,3499.0,2.26,968.0,427999.0
2016,Tipperary South,300134.0,2.99,56.0,102.0,3413.0,3493.0,1.27,489.0,386177.0
2016,Waterford,238378.0,2.69,36.0,59.0,2192.0,2214.0,1.89,567.0,300636.0
2016,Westmeath,194099.0,4.51,74.0,136.0,3013.0,3090.0,1.78,484.0,271309.0
2016,Wexford,277638.0,4.54,71.0,139.0,3061.0,3092.0,1.38,507.0,368231.0
2016,Wicklow E,75768.0,7.26,48.0,78.0,1074.0,1083.0,5.58,640.0,114671.0
2016,Wicklow W,42015.0,12.52,34.0,69.0,551.0,554.0,6.72,470.0,69902.0
2017,Carlow,102212.0,3.55,20.0,46.0,1297.0,1315.0,0.82,103.0,125317.0
2017,Cavan,218219.0,5.53,164.0,263.0,4757.0,4851.0,4.19,1408.0,335870.0
2017,Clare,254680.0,3.37,110.0,204.0,6059.0,6101.0,3.21,1207.0,376122.0
2017,Cork North,540081.0,4.72,146.0,270.0,5720.0,5822.0,2.41,1775.0,737432.0
2017,Cork South,463720.0,4.1,115.0,246.0,6007.0,6120.0,1.25,809.0,648076.0
2017,Donegal,168346.0,2.0,38.0,104.0,5207.0,5349.0,0.87,184.0,212312.0
2017,Dublin,21356.0,5.57,16.0,21.0,377.0,387.0,2.87,86.0,29983.0
2017,Galway,396072.0,2.59,146.0,284.0,10977.0,11072.0,1.88,975.0,519155.0
2017,Kerry,305620.0,2.7,95.0,180.0,6661.0,6754.0,2.62,1173.0,448489.0
2017,Kildare,128022.0,3.64,60.0,68.0,1866.0,1892.0,0.95,146.0,153045.0
2017,Kilkenny,340016.0,3.24,45.0,99.0,3051.0,3084.0,0.94,421.0,449898.0
2017,Laois,247198.0,3.28,72.0,93.0,2834.0,2858.0,2.18,667.0,306618.0
2017,Leitrim,65260.0,2.87,40.0,83.0,2895.0,2930.0,3.31,309.0,93300.0
2017,Limerick,374261.0,2.26,54.0,121.0,5358.0,5435.0,1.04,533.0,513342.0
2017,Longford,105363.0,2.21,38.0,52.0,2358.0,2379.0,0.56,73.0,131474.0
2017,Louth,88669.0,4.01,21.0,46.0,1148.0,1195.0,1.69,181.0,107314.0
2017,Mayo,243720.0,2.2,101.0,197.0,8936.0,9033.0,1.54,507.0,329714.0
2017,Meath,276807.0,5.77,133.0,206.0,3572.0,3694.0,1.61,654.0,406634.0
2017,Monaghan,200167.0,4.94,132.0,207.0,4194.0,4312.0,3.68,1089.0,295948.0
2017,Offaly,227137.0,3.66,73.0,114.0,3111.0,3172.0,1.17,346.0,296625.0
2017,Roscommon,182036.0,2.71,83.0,146.0,5390.0,5459.0,1.67,422.0,251964.0
2017,Sligo,99947.0,3.04,56.0,105.0,3452.0,3486.0,2.12,290.0,136865.0
2017,Tipperary North,310390.0,4.26,90.0,146.0,3425.0,3505.0,2.0,842.0,420633.0
2017,Tipperary South,307063.0,3.27,63.0,111.0,3395.0,3505.0,0.91,361.0,396451.0
2017,Waterford,245055.0,1.66,27.0,36.0,2169.0,2188.0,0.5,149.0,297173.0
2017,Westmeath,194813.0,5.72,114.0,175.0,3058.0,3119.0,3.14,919.0,292352.0
2017,Wexford,287433.0,4.57,65.0,138.0,3020.0,3058.0,2.35,907.0,385191.0
2017,Wicklow E,77855.0,5.97,35.0,63.0,1055.0,1066.0,3.51,421.0,119893.0
2017,Wicklow W,41755.0,11.05,28.0,61.0,552.0,556.0,4.7,309.0,65743.0
2018,Carlow,99794.0,2.75,26.0,35.0,1273.0,1296.0,0.86,105.0,122158.0
2018,Cavan,219665.0,4.19,107.0,201.0,4799.0,4860.0,2.71,893.0,329223.0
2018,Clare,253863.0,3.77,124.0,225.0,5969.0,6036.0,3.38,1265.0,374578.0
2018,Cork North,526182.0,5.66,178.0,320.0,5649.0,5747.0,2.66,2086.0,784284.0
2018,Cork South,449698.0,2.72,84.0,161.0,5930.0,6023.0,0.95,582.0,609574.0
2018,Donegal,172114.0,1.7,42.0,87.0,5126.0,5202.0,0.56,113.0,200069.0
2018,Dublin,20766.0,8.4,15.0,30.0,357.0,372.0,5.17,169.0,32680.0
2018,Galway,396452.0,2.23,113.0,241.0,10822.0,10936.0,1.61,838.0,519150.0
2018,Kerry,308049.0,2.62,82.0,172.0,6570.0,6642.0,2.42,1069.0,441446.0
2018,Kildare,122371.0,3.52,66.0,63.0,1791.0,1843.0,1.08,167.0,154612.0
2018,Kilkenny,326766.0,2.92,55.0,88.0,3009.0,3044.0,0.85,352.0,414922.0
2018,Laois,242657.0,3.6,81.0,100.0,2779.0,2811.0,1.67,505.0,301949.0
2018,Leitrim,66528.0,2.02,26.0,58.0,2868.0,2890.0,2.14,185.0,86623.0
2018,Limerick,366277.0,1.79,50.0,94.0,5261.0,5351.0,0.73,364.0,495950.0
2018,Longford,105303.0,1.97,30.0,46.0,2333.0,2356.0,1.52,207.0,136359.0
2018,Louth,86266.0,4.88,24.0,56.0,1147.0,1186.0,0.94,101.0,107076.0
2018,Mayo,243195.0,2.2,94.0,193.0,8771.0,8852.0,1.5,501.0,334547.0
2018,Meath,269302.0,5.39,117.0,193.0,3581.0,3687.0,1.92,754.0,393511.0
2018,Monaghan,197315.0,8.91,226.0,371.0,4164.0,4263.0,4.49,1677.0,373846.0
2018,Offaly,223666.0,3.96,79.0,122.0,3081.0,3126.0,1.21,360.0,298237.0
2018,Roscommon,183128.0,2.72,66.0,144.0,5294.0,5359.0,1.36,336.0,246291.0
2018,Sligo,99613.0,3.94,58.0,134.0,3400.0,3429.0,3.45,482.0,139664.0
2018,Tipperary North,300869.0,4.85,109.0,165.0,3400.0,3469.0,2.98,1296.0,435034.0
2018,Tipperary South,296572.0,2.86,59.0,96.0,3362.0,3457.0,1.02,399.0,389821.0
2018,Waterford,235893.0,2.78,30.0,59.0,2124.0,2156.0,1.13,343.0,302544.0
2018,Westmeath,189233.0,4.82,87.0,147.0,3047.0,3096.0,2.33,666.0,285228.0
2018,Wexford,279336.0,4.33,63.0,129.0,2982.0,3021.0,1.91,709.0,371229.0
2018,Wicklow E,76017.0,9.51,52.0,98.0,1030.0,1055.0,4.83,596.0,123485.0
2018,Wicklow W,41855.0,8.6,33.0,46.0,535.0,540.0,5.64,371.0,65766.0
2019,Carlow,97336.0,2.91,22.0,37.0,1270.0,1292.0,0.61,77.0,123760.0
2019,Cavan,218207.0,4.55,108.0,216.0,4744.0,4810.0,2.36,941.0,332460.0
2019,Clare,254295.0,4.67,134.0,273.0,5845.0,5910.0,2.66,1190.0,375832.0
2019,Cork North,523265.0,6.12,208.0,342.0,5588.0,5702.0,1.92,1993.0,798849.0
2019,Cork South,445268.0,3.12,96.0,181.0,5798.0,5926.0,1.17,898.0,580538.0
2019,Donegal,171254.0,2.32,46.0,117.0,5043.0,5249.0,0.98,219.0,210692.0
2019,Dublin,20440.0,5.34,18.0,18.0,337.0,346.0,4.8,137.0,27711.0
2019,Galway,393971.0,2.79,167.0,299.0,10698.0,10824.0,1.89,1181.0,524570.0
2019,Kerry,306711.0,2.83,90.0,184.0,6494.0,6581.0,1.59,832.0,435906.0
2019,Kildare,120980.0,3.24,66.0,55.0,1697.0,1742.0,0.54,84.0,146165.0
2019,Kilkenny,326201.0,4.33,79.0,131.0,3027.0,3056.0,1.04,507.0,419001.0
2019,Laois,235720.0,4.25,79.0,114.0,2681.0,2710.0,1.29,446.0,305448.0
2019,Leitrim,66514.0,2.57,39.0,73.0,2839.0,2863.0,2.61,258.0,89280.0
2019,Limerick,372139.0,2.06,46.0,105.0,5106.0,5204.0,0.6,357.0,492196.0
2019,Longford,105787.0,2.21,33.0,51.0,2309.0,2337.0,0.74,116.0,128903.0
2019,Louth,86083.0,5.52,33.0,64.0,1159.0,1199.0,1.36,194.0,107324.0
2019,Mayo,241656.0,1.63,73.0,141.0,8656.0,8763.0,0.98,379.0,320106.0
2019,Meath,267273.0,5.56,135.0,199.0,3579.0,3683.0,1.3,555.0,386790.0
2019,Monaghan,197909.0,7.02,147.0,292.0,4162.0,4235.0,2.84,1336.0,406183.0
2019,Offaly,219789.0,5.08,100.0,154.0,3032.0,3077.0,1.67,598.0,294330.0
2019,Roscommon,182848.0,3.05,68.0,163.0,5352.0,5416.0,1.71,464.0,249728.0
2019,Sligo,99835.0,2.91,37.0,97.0,3335.0,3371.0,1.53,232.0,136966.0
2019,Tipperary North,295751.0,4.21,82.0,142.0,3371.0,3439.0,1.9,851.0,414657.0
2019,Tipperary South,297366.0,2.84,74.0,95.0,3349.0,3416.0,0.76,377.0,386916.0
2019,Waterford,233639.0,2.39,29.0,51.0,2135.0,2169.0,0.48,148.0,281986.0
2019,Westmeath,192248.0,5.21,100.0,157.0,3013.0,3063.0,2.12,626.0,273827.0
2019,Wexford,276353.0,4.88,65.0,147.0,3011.0,3050.0,1.49,743.0,388119.0
2019,Wicklow E,73347.0,9.6,63.0,100.0,1042.0,1058.0,6.04,939.0,127565.0
2019,Wicklow W,41224.0,12.33,36.0,62.0,503.0,513.0,4.82,380.0,61874.0
2020,Carlow,108898.0,3.43,26.0,44.0,1283.0,1307.0,1.06,145.0,123642.0
2020,Cavan,233559.0,5.54,143.0,261.0,4711.0,4771.0,2.54,1174.0,355293.0
2020,Clare,282277.0,4.53,113.0,264.0,5830.0,5923.0,3.07,1569.0,388196.0
2020,Cork North,617851.0,8.02,263.0,435.0,5424.0,5520.0,2.43,2999.0,879841.0
2020,Cork South,501019.0,3.99,112.0,228.0,5709.0,5806.0,1.22,952.0,587228.0
2020,Donegal,182604.0,1.73,42.0,87.0,5041.0,5143.0,1.09,263.0,215669.0
2020,Dublin,22567.0,8.0,18.0,26.0,325.0,344.0,4.72,158.0,24987.0
2020,Galway,432588.0,3.28,176.0,349.0,10649.0,10783.0,1.89,1190.0,543606.0
2020,Kerry,352779.0,2.58,82.0,165.0,6400.0,6471.0,1.82,1201.0,439311.0
2020,Kildare,137549.0,4.36,75.0,74.0,1696.0,1748.0,1.08,177.0,148802.0
2020,Kilkenny,376653.0,3.68,78.0,111.0,3016.0,3071.0,0.73,368.0,409932.0
2020,Laois,264354.0,5.52,109.0,146.0,2646.0,2695.0,2.27,800.0,302252.0
2020,Leitrim,67834.0,2.12,28.0,60.0,2834.0,2860.0,1.68,164.0,89829.0
2020,Limerick,446130.0,2.81,67.0,144.0,5123.0,5235.0,0.97,748.0,508430.0
2020,Longford,115559.0,3.33,43.0,77.0,2313.0,2357.0,1.72,281.0,138324.0
2020,Louth,95852.0,7.64,39.0,85.0,1113.0,1161.0,1.93,286.0,126508.0
2020,Mayo,260638.0,2.59,120.0,223.0,8611.0,8698.0,1.44,717.0,327239.0
2020,Meath,305449.0,7.65,165.0,270.0,3528.0,3616.0,1.94,1001.0,417790.0
2020,Monaghan,211647.0,7.35,166.0,303.0,4124.0,4221.0,2.86,1154.0,349144.0
2020,Offaly,249713.0,5.54,96.0,165.0,2978.0,3024.0,2.0,738.0,303718.0
2020,Roscommon,201716.0,2.92,75.0,156.0,5339.0,5377.0,1.1,354.0,246903.0
2020,Sligo,107794.0,3.97,69.0,133.0,3346.0,3378.0,2.51,404.0,132464.0
2020,Tipperary North,349050.0,6.67,148.0,222.0,3330.0,3405.0,2.55,1370.0,441627.0
2020,Tipperary South,356408.0,4.81,107.0,160.0,3324.0,3395.0,2.17,1088.0,420521.0
2020,Waterford,272528.0,2.62,42.0,56.0,2141.0,2189.0,0.52,196.0,287221.0
2020,Westmeath,214210.0,6.77,115.0,203.0,2998.0,3047.0,3.26,1192.0,304207.0
2020,Wexford,310311.0,4.54,63.0,137.0,3016.0,3088.0,1.48,701.0,366765.0
2020,Wicklow E,80707.0,9.11,47.0,96.0,1054.0,1070.0,3.85,648.0,131187.0
2020,Wicklow W,44743.0,14.46,46.0,73.0,505.0,513.0,5.54,576.0,76298.0
