,Area,Item,Year,Production_ton,Import_Qt_ton,Export_Qt_ton,Import_Vl_1000$,Export_Vl_1000$
0,Argentina,"Meat, cattle",1961,15.563226897097127,0.0,1.9668284613542868,0.0,0.8196460831900398
1,Argentina,"Meat, cattle",1962,17.43572716478297,0.0,2.8685225090519957,0.0,1.0137722268642713
2,Argentina,"Meat, cattle",1963,19.316307692307692,0.0,3.975681186283596,0.0,1.5254569045412418
3,Argentina,"Meat, cattle",1964,15.148427946615453,0.0,3.1822246562188194,0.0,1.6992880559952588
4,Argentina,"Meat, cattle",1965,15.1395962968584,0.0,2.669471847017757,0.0,1.7498558203065715
5,Argentina,"Meat, cattle",1966,17.724066041482114,0.0,2.919861318996854,0.0,1.7196215291566117
6,Argentina,"Meat, cattle",1967,19.444060661665496,0.0,2.6555361094192116,0.0,1.3360677856333316
7,Argentina,"Meat, cattle",1968,19.8190892560065,0.0,1.6808836615467946,0.0,0.909041668278717
8,Argentina,"Meat, cattle",1969,22.296120709656464,0.0,2.4505730769825678,0.0,1.2741875609039304
9,Argentina,"Meat, cattle",1970,20.29711478960396,0.0,1.767922339108911,0.0,1.002552599009901
10,Argentina,"Meat, cattle",1971,15.492303761401118,0.0,1.0352060331077628,0.0,0.83184415503972
11,Argentina,"Meat, cattle",1972,16.981600892829462,0.0,1.5234910252038316,0.0,1.504805158570233
12,Argentina,"Meat, cattle",1973,16.668306155063537,0.0,0.9076818047819274,0.0,1.2572884827233093
13,Argentina,"Meat, cattle",1974,16.796864322544575,0.0,0.29840964154811456,0.0,0.4066829222836553
14,Argentina,"Meat, cattle",1975,18.95493198600855,0.0,0.26910998834045863,0.0,0.25701515740380876
15,Argentina,"Meat, cattle",1976,21.87459151598145,0.0,1.07134854190657,0.0,0.7858454452086769
16,Argentina,"Meat, cattle",1977,22.69331297995296,0.0,1.0915668468356206,0.0,1.0537936727986417
17,Argentina,"Meat, cattle",1978,24.89431832356243,0.0,1.019404078832481,0.0,0.9090292503430211
18,Argentina,"Meat, cattle",1979,23.5684219562062,0.0,1.313533001420255,0.0,2.0143196042014577
19,Argentina,"Meat, cattle",1980,22.178159662552726,0.0041399781284174346,0.5624980471801281,0.006717700359318857,1.1400249960943603
20,Argentina,"Meat, cattle",1981,22.981570675715826,0.003213598761474346,0.5236289427181885,0.003972039345082647,0.9384881229768401
21,Argentina,"Meat, cattle",1982,19.80711196017675,0.0,0.6085781515737484,0.0,0.8343700735425452
22,Argentina,"Meat, cattle",1983,19.085771586704393,0.00027206865458163617,0.5269114766331893,0.00032648238549796337,0.6757796710301297
23,Argentina,"Meat, cattle",1984,19.87067858726861,0.0006691721717749403,0.016441404639074987,0.0008014503917769634,0.01823105114498471
24,Argentina,"Meat, cattle",1985,22.180978417490323,0.00030375960931841014,0.03032922868425357,0.0003582805648370992,0.023716615650629717
25,Argentina,"Meat, cattle",1986,23.571613456515806,0.00010135266830390207,0.10194519159552488,0.0001169453865045024,0.11356176665497213
26,Argentina,"Meat, cattle",1987,20.121768968023822,0.0,0.04303613440780372,0.0,0.0515245546705852
27,Argentina,"Meat, cattle",1988,19.677084314649083,0.0,0.005479667137698226,0.0,0.005895745014915999
28,Argentina,"Meat, cattle",1989,20.074190005491488,0.0,0.09588138385502472,0.0,0.10739781909468894
29,Argentina,"Meat, cattle",1990,23.572296476306196,0.0,0.12754282130678476,0.0,0.15351389487712147
30,Argentina,"Meat, cattle",1991,22.85759047469842,0.026774244085853046,0.015321948926836911,0.04167319442268526,0.025144916183612722
31,Argentina,"Meat, cattle",1992,21.79171069625455,0.08267386795037376,0.006551602676998943,0.10601542014011194,0.011780360846933584
32,Argentina,"Meat, cattle",1993,21.963238169730154,0.03748924520922957,0.021579976535001957,0.051795072350410636,0.02758701603441533
33,Argentina,"Meat, cattle",1994,21.75102385344046,0.021008534717228876,0.18617719698627566,0.024744427423640854,0.18741988933004033
34,Argentina,"Meat, cattle",1995,20.99261978210785,0.023569838728571987,0.33357022921629115,0.029966027568432974,0.32660392830645474
35,Argentina,"Meat, cattle",1996,21.023551997003324,0.04786877058263489,0.2629738883426199,0.05388553323656568,0.2629270652869473
36,Argentina,"Meat, cattle",1997,21.148672359340274,0.04819277108433735,0.19553943931064063,0.05981206378913713,0.21919132842047803
37,Argentina,"Meat, cattle",1998,19.24077768253721,0.15519364139328296,0.0522559027507208,0.26282241097171355,0.07382529416348477
38,Argentina,"Meat, cattle",1999,21.18013892782606,0.05905211350964085,0.04072049341183067,0.07742267077843193,0.05141264056318724
39,Argentina,"Meat, cattle",2000,21.150105050190646,0.053622286203408295,0.02883822270640417,0.06922418488833554,0.03519570461442689
40,Argentina,"Meat, cattle",2001,19.13596566256629,0.04626533754257189,0.00323468578448906,0.05948400541187814,0.004268852153087726
41,Argentina,"Meat, cattle",2002,19.369124388159427,0.028700178696293994,0.007707248854012898,0.021194934348535466,0.008220029523735529
42,Argentina,"Meat, cattle",2003,20.588164671236132,0.06305803182412843,0.04318247480893207,0.047442629274387256,0.04707083397558389
43,Argentina,"Meat, cattle",2004,23.351964453120775,0.02244074361797916,0.07031072630478329,0.01939047048339493,0.09528435495603745
44,Argentina,"Meat, cattle",2005,24.097739470708717,0.01976587292729653,0.07112019698139406,0.020604844947964492,0.09645099441275423
45,Argentina,"Meat, cattle",2006,23.310478265914345,0.023067660783977737,0.08281920317445438,0.028185269738717635,0.1478804569579119
46,Argentina,"Meat, cattle",2007,24.80372152000025,0.01891998362678928,0.03348506252289018,0.026598773240264557,0.05993764638173587
47,Argentina,"Meat, cattle",2008,24.6515420683228,0.016427004515655243,0.06234705451293971,0.03175205376911991,0.15344727026003785
48,Argentina,"Meat, cattle",2009,27.1736787411404,0.006241534516651063,0.05490298274569608,0.01151788328330454,0.13170763880175407
49,Argentina,"Meat, cattle",2010,20.830020931685727,0.013637670381783495,0.0205911399492666,0.033167574656741736,0.06347614872821992
50,Argentina,"Meat, cattle",2011,19.94083869567438,0.009695304121342117,0.03868546039528114,0.034248761554568206,0.15084776058423982
51,Argentina,"Meat, cattle",2012,20.809487429644733,0.0027897602970613725,0.0028619092702612354,0.010429534903669097,0.011832431604777545
52,Argentina,"Meat, cattle",2013,22.95158348883253,0.0,0.033399112068418564,0.0,0.13617499638027158
53,Argentina,"Meat, cattle",2014,22.280938132484092,0.01568164755622104,0.007382539710314475,0.02131437537131425,0.02014783410783341
54,Argentina,"Meat, cattle",2015,23.290095346763643,0.016073325794869517,0.004722927292541362,0.021846741436384817,0.00790001400651132
55,Argentina,"Meat, cattle",2016,23.159685329600688,0.016485071025078856,0.04168568172600971,0.022406382402843632,0.12422490822405331
56,Argentina,"Meat, cattle",2017,25.571074637223862,1.797924116814726e-05,0.041819714957110524,0.0002157508940177671,0.12683455682069483
57,Argentina,"Meat, cattle",2018,28.28976027411742,0.00042442566099062885,0.018600915925154518,0.0019006888296536858,0.02191328140984225
58,Argentina,"Meat, cattle",2019,28.933909254473935,0.000618185201877655,0.17430977363989045,0.002620367124376926,0.6298569075548974
59,Brazil,"Meat, cattle",1961,8.72251989373021,0.0,0.09385253473837117,0.0,0.045884594065966275
60,Brazil,"Meat, cattle",1962,8.439607633226695,0.0,0.08060821829136221,0.0,0.03396487122353205
61,Brazil,"Meat, cattle",1963,8.279510625224336,0.0,0.07653325059468404,0.0,0.032511422192209184
62,Brazil,"Meat, cattle",1964,8.55060090433127,0.0,0.11306520704426463,0.0,0.06881247025226082
63,Brazil,"Meat, cattle",1965,8.71340089762322,0.0,0.208548958885131,0.0,0.14175694319127757
64,Brazil,"Meat, cattle",1966,8.275673242390054,0.0,0.11847698496814706,0.0,0.0736891289730703
65,Brazil,"Meat, cattle",1967,8.401191957634165,0.0,0.06460343413262203,0.0,0.037516531715782835
66,Brazil,"Meat, cattle",1968,9.263930500579526,0.0,0.21456688608480767,0.0,0.1103068209154329
67,Brazil,"Meat, cattle",1969,9.787208959622753,1.071725209656244e-05,0.4156364708088846,2.6793130241406102e-05,0.2231760576588163
68,Brazil,"Meat, cattle",1970,9.694748013954857,0.0030421167668446053,0.5165241057542769,0.001849438863435753,0.3654270522466479
69,Brazil,"Meat, cattle",1971,9.256374010751468,0.03210994975081771,0.45781957757668934,0.020507238152233355,0.5092295469319108
70,Brazil,"Meat, cattle",1972,10.617208878078443,0.005128205128205128,0.7886236951454343,0.0043376912942130336,0.857428803080977
71,Brazil,"Meat, cattle",1973,10.963623871025561,0.006975493661810541,0.49057486830706115,0.014822301663961443,0.7396064646545114
72,Brazil,"Meat, cattle",1974,9.933839649232697,0.23797662856248042,0.028715158158471657,0.347914383025368,0.036256067961165046
73,Brazil,"Meat, cattle",1975,10.377125840112768,0.06507295811102719,0.0,0.037549492684945084,0.0
74,Brazil,"Meat, cattle",1976,11.138264874518281,0.07661434345333208,0.028433123413854684,0.05217595638687847,0.03554845380204907
75,Brazil,"Meat, cattle",1977,11.233388914152897,0.10035783023504716,0.0162838020955347,0.08454715412423462,0.015801489198487836
76,Brazil,"Meat, cattle",1978,11.544231926763752,0.44107051414505305,0.024557321378839467,0.3630997834895024,0.03978941883551491
77,Brazil,"Meat, cattle",1979,11.646150397946762,0.44617500867967813,0.000158211854462673,0.6246775334771889,0.00019776481807834125
78,Brazil,"Meat, cattle",1980,12.257157328329866,0.2677694289189985,0.0,0.3719681684806743,0.0
79,Brazil,"Meat, cattle",1981,12.79788135340155,0.25289040150366576,0.00032847895473730646,0.30558354499607104,0.0006057663840610067
80,Brazil,"Meat, cattle",1982,12.906742228236904,0.08226038104088433,0.01707921692890628,0.07744045336942143,0.018953868341073148
81,Brazil,"Meat, cattle",1983,13.643572785732097,0.07095077650820251,0.0063474098621621325,0.06422554463043549,0.007187014341284108
82,Brazil,"Meat, cattle",1984,14.24381580996917,0.10858202397125914,0.001682602803282908,0.10145178634942661,0.003181951835911242
83,Brazil,"Meat, cattle",1985,14.380242122533325,0.18412081846371187,0.002355384485587355,0.14878178667293457,0.0029586934941763965
84,Brazil,"Meat, cattle",1986,14.963887152339021,1.4348081629667069,0.00025355475452574453,1.2078350913129647,0.0004904829677711124
85,Brazil,"Meat, cattle",1987,15.42904021334725,0.4868802982446017,5.435705224214478e-05,0.4350696648344159,0.00020488427383577647
86,Brazil,"Meat, cattle",1988,17.035445504240773,0.05232615853648277,0.023605659301184995,0.049049464203691766,0.032527185205998496
87,Brazil,"Meat, cattle",1989,17.87831573994223,0.38620547241492253,0.0011679089098755161,0.47920233514077115,0.00124830843627999
88,Brazil,"Meat, cattle",1990,17.51809280544913,0.7434653043848446,0.014189016602809705,0.8977011494252873,0.022601106853980417
89,Brazil,"Meat, cattle",1991,19.31983954099748,0.2311716368240219,1.7132073726166073e-05,0.2579319359842933,5.996225804158125e-05
90,Brazil,"Meat, cattle",1992,20.320140790932015,0.2794143248912783,0.001253983876611434,0.3232779052350164,0.0016116493809370319
91,Brazil,"Meat, cattle",1993,20.84151706161014,0.035674551661762935,0.001053587269544044,0.034720686644068736,0.0014004472759782968
92,Brazil,"Meat, cattle",1994,22.4063435778952,0.19516989732170903,0.001138640123409394,0.2298875145711035,0.0019457222032206502
93,Brazil,"Meat, cattle",1995,25.066175018107593,0.2648185948508593,2.633831566471324e-05,0.31042777814358774,4.389719277452207e-05
94,Brazil,"Meat, cattle",1996,27.146396780816175,0.4565249154595678,2.1938609627451692e-05,0.40195043015031895,3.510177540392271e-05
95,Brazil,"Meat, cattle",1997,25.970078820274686,0.34736707301883585,0.0001315717917095737,0.45482614103443497,0.00021490059312563703
96,Brazil,"Meat, cattle",1998,25.40066220665705,0.23593687600305283,0.0005961876430466766,0.3412341347235026,0.0006926297617748155
97,Brazil,"Meat, cattle",1999,28.101418018944894,0.10135842727055235,0.0008150037814422764,0.11149339364945549,0.001178688264558991
98,Brazil,"Meat, cattle",2000,28.81350364723736,0.1383475638731887,0.0011124566678418998,0.1670086521974304,0.0017124825083707983
99,Brazil,"Meat, cattle",2001,29.872099294654927,0.0312659788326434,0.0020487927882493853,0.034010835837413406,0.002639790707936708
100,Brazil,"Meat, cattle",2002,31.238664005611497,0.08823752061537411,0.0019253413870946993,0.07255036408643208,0.0020259842323291947
101,Brazil,"Meat, cattle",2003,31.622510328707904,0.0022000169703098307,0.002501808562658495,0.0028648332317155844,0.0025236775186257897
102,Brazil,"Meat, cattle",2004,33.98643777627096,0.009425618709241084,0.0061773651373644035,0.00998958198080514,0.0069992650990236445
103,Brazil,"Meat, cattle",2005,37.54555544873756,0.013306123875861949,0.007236433871404725,0.018029907097473367,0.008953775967698236
104,Brazil,"Meat, cattle",2006,39.39707623028508,0.01847120126140528,0.016213076160401133,0.02724600460360514,0.02165965643303589
105,Brazil,"Meat, cattle",2007,40.505625853935925,0.023437792537002802,0.019745567370482577,0.043997565221328874,0.02647691183680365
106,Brazil,"Meat, cattle",2008,39.167924664247025,0.023729060742402316,0.021806255930094977,0.054793426524983875,0.04990611677632007
107,Brazil,"Meat, cattle",2009,38.66067480293224,0.02249545028544429,0.014689758361047002,0.050871130795531544,0.02960018761352652
108,Brazil,"Meat, cattle",2010,39.31689112305259,0.017094112947960222,0.015511085077180157,0.04746495555875707,0.0334678835133039
109,Brazil,"Meat, cattle",2011,38.82952419857668,0.02548214400894412,0.01703682999720496,0.0891144030444411,0.05045688116789577
110,Brazil,"Meat, cattle",2012,39.896980312574215,0.026676577681868416,0.03213363752262344,0.08521672629565519,0.0934387536126765
111,Brazil,"Meat, cattle",2013,41.34675461096443,0.01947891550560991,0.043816875971702154,0.0638342608396874,0.1163051087067077
112,Brazil,"Meat, cattle",2014,41.42428298881975,0.023492080263329433,0.10643011553468128,0.08629952444940171,0.298324708777449
113,Brazil,"Meat, cattle",2015,40.031736566113736,0.013324090992880509,0.03601794441173947,0.04445327903458317,0.09077116627633068
114,Brazil,"Meat, cattle",2016,39.31249708882575,0.012347613260557506,0.031394103125436675,0.039134650807295085,0.07202350958464425
115,Brazil,"Meat, cattle",2017,40.31600997304104,0.013179746925218234,0.05256701111877561,0.04478665442973743,0.12829778629221888
116,Brazil,"Meat, cattle",2018,41.79352461345834,0.010330177245366924,0.08389944526948193,0.04430113609026584,0.18691415108944257
117,Brazil,"Meat, cattle",2019,43.05999505629041,0.004964564135901718,0.0408732227583337,0.024223358003234743,0.08009159080470016
118,Canada,"Meat, cattle",1961,10.596559028507672,0.12028847242210113,0.21622495674530667,0.10255000565949259,0.16312274630920234
119,Canada,"Meat, cattle",1962,10.681053307642904,0.16844894026974952,0.1485549132947977,0.12785806037251124,0.124165061014772
120,Canada,"Meat, cattle",1963,11.208747229618764,0.17497648165569143,0.13988232855525615,0.14289586555479375,0.12001530685460082
121,Canada,"Meat, cattle",1964,12.314247711942237,0.0996769800804383,0.2356303638724388,0.10062703866738448,0.18687652405231656
122,Canada,"Meat, cattle",1965,13.641395795002438,0.05231872434778506,0.568759730150493,0.07068610337940903,0.43341038826248995
123,Canada,"Meat, cattle",1966,13.477606317012292,0.02004678105524246,0.070642533084253,0.028413996640555092,0.06279336274155822
124,Canada,"Meat, cattle",1967,13.308136425132933,0.03600981656860586,0.07323097253248592,0.04022590693137841,0.06590000943900827
125,Canada,"Meat, cattle",1968,14.06154719301288,0.02746291245605461,0.12427677318661222,0.037757563336538916,0.10636754899024137
126,Canada,"Meat, cattle",1969,13.371998230535894,0.06073053589484328,0.06589673913043478,0.06910389282103134,0.07049418604651163
127,Canada,"Meat, cattle",1970,13.46763034150821,0.05473314228717088,0.14968097401877742,0.07579044030335175,0.15843637687813683
128,Canada,"Meat, cattle",1971,14.222569538105136,0.1019310410485061,0.16347999936531107,0.14034558811862335,0.17825238405026736
129,Canada,"Meat, cattle",1972,14.236130055511499,0.1976050753370341,0.08117367168913561,0.28969072164948456,0.1100396510705789
130,Canada,"Meat, cattle",1973,14.36761418583636,0.185820505096945,0.11021449973841495,0.35233127764478334,0.22199850975791494
131,Canada,"Meat, cattle",1974,15.103178879310345,0.08668230223123732,0.0522946247464503,0.19317317444219068,0.07402066430020283
132,Canada,"Meat, cattle",1975,17.22900001584008,0.05646988009060525,0.016093519823858326,0.10790261519697138,0.024837243192726236
133,Canada,"Meat, cattle",1976,18.454364137235252,0.10486234817877867,0.1004449247842627,0.20500644484656896,0.12373535422273219
134,Canada,"Meat, cattle",1977,18.19073026996894,0.08159592259297603,0.1552281595922593,0.14927132276817712,0.1901091024926336
135,Canada,"Meat, cattle",1978,17.034337445922127,0.11528601185707418,0.14672328152539657,0.2580836404422368,0.23885595257170325
136,Canada,"Meat, cattle",1979,15.272910453776094,0.08886918674941566,0.20438462158458934,0.2719916176352059,0.45142258402514707
137,Canada,"Meat, cattle",1980,15.742880311385015,0.06412585144339929,0.1336198507946805,0.20240025948751217,0.29174505351929936
138,Canada,"Meat, cattle",1981,16.538799151574484,0.0789851525534345,0.18787730461739272,0.23610703214227444,0.3660629792788383
139,Canada,"Meat, cattle",1982,16.747614846762072,0.08138927007776253,0.22556034764425276,0.23769849049206038,0.42359341305626347
140,Canada,"Meat, cattle",1983,16.888409068603394,0.06722936500147218,0.2675925017175385,0.1887002322766382,0.5258939379068931
141,Canada,"Meat, cattle",1984,16.22644785115304,0.10678721174004192,0.2908968815513627,0.3160541142557652,0.49446409853249473
142,Canada,"Meat, cattle",1985,16.871494637410212,0.09227918265603988,0.4997376102856768,0.2479582800354226,0.7906294073272327
143,Canada,"Meat, cattle",1986,16.884379439941206,0.10062580448918512,0.4947052238651567,0.2863106277861344,0.7999160313130164
144,Canada,"Meat, cattle",1987,15.62277755018435,0.11727980335927898,0.46536665301106106,0.3477918885702581,0.9386480950430152
145,Canada,"Meat, cattle",1988,15.492469460842832,0.17617046327942307,0.4386845677094406,0.6348383509672777,0.9494039345227387
146,Canada,"Meat, cattle",1989,15.53486626303507,0.2569479576350017,0.5538619710494965,1.0290647388090148,1.3202343456761918
147,Canada,"Meat, cattle",1990,14.658892887969643,0.3412862563718385,0.43781248473201634,1.330097877953846,1.112714362490432
148,Canada,"Meat, cattle",1991,14.073042634071067,0.33986505220371405,0.43444806773594835,1.321903276015029,1.0552019241422632
149,Canada,"Meat, cattle",1992,14.622956153908728,0.1827056048157488,1.0245342878060686,0.8039534694541609,2.3529000244041325
150,Canada,"Meat, cattle",1993,14.001172695734319,0.1527110445135756,1.183706044269264,0.6698698633483721,2.82207599719856
151,Canada,"Meat, cattle",1994,14.666144890671623,0.1443525901286504,1.565311679629539,0.5826933424644133,3.4913010158326405
152,Canada,"Meat, cattle",1995,15.15172785295702,0.10308352785622174,1.799937970323697,0.4021155384339139,3.7906498424772694
153,Canada,"Meat, cattle",1996,16.611648581513922,0.09882010720355602,2.347169564648974,0.35970388286050464,4.500065368021963
154,Canada,"Meat, cattle",1997,17.797598627787306,0.1050069427427918,2.1432982112227394,0.40437801192518175,4.663628195703668
155,Canada,"Meat, cattle",1998,19.300119205081728,0.09820539198876532,1.8754388543248584,0.35547608550106957,4.153643919724359
156,Canada,"Meat, cattle",1999,20.624683740593834,0.08900967957821197,1.6303478445391182,0.3287465517522811,4.113167817442829
157,Canada,"Meat, cattle",2000,20.615138610145706,0.09915642795372591,1.7354740809633364,0.3676799321226361,4.607910323559645
158,Canada,"Meat, cattle",2001,20.57817399082701,0.08943344456028765,1.7657029437425238,0.3449296100887111,4.7618782914133675
159,Canada,"Meat, cattle",2002,20.897231482823596,0.11478314087387866,1.6405276126974924,0.4428177996811132,4.184132966130357
160,Canada,"Meat, cattle",2003,19.42998740838795,0.11355051173602815,0.6127110709327479,0.5774222710102347,1.9741064798372776
161,Canada,"Meat, cattle",2004,24.27371725376612,0.019125904111583956,0.21517451173929225,0.12530541576997137,0.8263620329768127
162,Canada,"Meat, cattle",2005,23.841637472427664,0.0429641884001557,0.3092156481121059,0.3378260023355391,1.2837842221357207
163,Canada,"Meat, cattle",2006,21.931533078040406,0.13114023504555658,0.555493199524627,1.1215502442889211,2.0428661032615874
164,Canada,"Meat, cattle",2007,21.29132782295694,0.20057325689908012,0.6376483135581923,1.7243867484335422,2.435091987734969
165,Canada,"Meat, cattle",2008,21.93481626060035,0.2404260331134742,0.5327601292233141,2.069726746533854,2.185926773455378
166,Canada,"Meat, cattle",2009,21.05885551175751,0.2144896017398396,0.6221625662634226,1.7688595895065924,2.0957421503330163
167,Canada,"Meat, cattle",2010,21.28731983527797,0.21142759094028826,0.7864790665751544,1.7505147563486616,3.3161290322580643
168,Canada,"Meat, cattle",2011,19.16812392438782,0.2639181832834486,0.5637637630698253,2.445558642419285,2.9060289741541117
169,Canada,"Meat, cattle",2012,17.760243028509112,0.2966540305689706,0.5106195149815651,3.015561440861332,2.921621574838587
170,Canada,"Meat, cattle",2013,17.124807679443443,0.30497023212255,0.46048230650879657,2.9958692889156464,3.1290554552143957
171,Canada,"Meat, cattle",2014,17.888559662515068,0.1703160573188697,0.43647047006830053,1.8023302531137002,3.5628766572920854
172,Canada,"Meat, cattle",2015,17.050974412252625,0.14937077936223336,0.3784707676324212,1.5027900196055433,2.746552273070027
173,Canada,"Meat, cattle",2016,18.654141014242338,0.14837865494623476,0.5590746674271527,1.4201573535085805,3.6661186693731023
174,Canada,"Meat, cattle",2017,19.59713015020559,0.17989426869178485,0.5450700679701267,1.8533355710329782,3.894738608710246
175,Canada,"Meat, cattle",2018,22.099693790472365,0.17798637953248667,0.608704382310125,1.7736224754446732,4.920552850425849
176,Canada,"Meat, cattle",2019,23.34021568036438,0.1669345925851502,0.5943601594159215,1.5660772296460028,4.788087343849425
177,France,"Meat, cattle",1961,41.923622571585746,0.22212571296215872,2.8881843712904254,0.22643967688699732,1.5664900547207505
178,France,"Meat, cattle",1962,43.06039488966318,0.22952961672473868,4.418408826945412,0.2546747967479675,2.1021486643437863
179,France,"Meat, cattle",1963,42.32403795773418,0.3584153228153927,2.814985154567154,0.4427432031204518,1.5434592769400943
180,France,"Meat, cattle",1964,40.39989445600868,2.0616259638218652,1.9142161892755578,2.134070186754229,1.4022691958134217
181,France,"Meat, cattle",1965,41.234081350548514,1.402488162112879,1.8997088320931736,1.4248404458692392,1.5381312314343696
182,France,"Meat, cattle",1966,43.57974354428884,0.8947881581279915,2.5335933345151567,0.8970927140577911,1.9087041304733203
183,France,"Meat, cattle",1967,47.07246721579589,0.7562223081269143,2.622617383805644,0.8609830800796932,2.0635166076897917
184,France,"Meat, cattle",1968,48.94809813731991,0.6900355657363313,4.420489480981373,0.9084634396286696,3.4951473868225933
185,France,"Meat, cattle",1969,46.785036023271935,1.6458565701021914,3.4092484852138787,2.210864257076538,2.896331353811835
186,France,"Meat, cattle",1970,48.1612555777812,1.6734574549930759,2.742821972611171,2.243822126480997,2.4709032158793662
187,France,"Meat, cattle",1971,49.443644054807955,1.5884192134383717,3.305428685283389,2.239064463721914,3.4440731998896483
188,France,"Meat, cattle",1972,44.77933261571582,3.679347993233892,3.047793326157158,5.611164078117792,4.591757650315239
189,France,"Meat, cattle",1973,44.97843499691928,4.048305606900801,3.3933764633394947,7.82935921133703,5.913062230437461
190,France,"Meat, cattle",1974,55.206214166820786,3.2203933173047283,6.725818383576845,6.238641267492756,9.355773380186179
191,France,"Meat, cattle",1975,53.92959792316964,4.53904873752202,7.3704298915227,10.303952776833452,11.50517662329635
192,France,"Meat, cattle",1976,56.21623309703008,4.513350613659786,6.637206833015833,10.515911433122014,11.29205833671653
193,France,"Meat, cattle",1977,51.767471012221876,5.911156377311188,5.142306486994673,16.254465684738328,10.345534315261673
194,France,"Meat, cattle",1978,51.87259472482088,7.4747035449454025,4.393542129470292,23.794217953130378,11.016457557648383
195,France,"Meat, cattle",1979,57.265816422692716,6.889332160583025,4.645033611861532,23.32619212163096,12.997769680216122
196,France,"Meat, cattle",1980,57.94086123195259,7.381123510497447,7.460910409179749,25.66868419393481,17.654277788285732
197,France,"Meat, cattle",1981,57.94805440717013,6.839524095054754,7.9905008363051095,21.964875185407266,18.32972512386783
198,France,"Meat, cattle",1982,55.14125007899892,7.3245907855653165,8.024078872527333,22.306737028376414,18.853883587183216
199,France,"Meat, cattle",1983,57.40535403136385,7.881641058134009,7.454649136702043,21.691398701092982,16.237193093616348
200,France,"Meat, cattle",1984,63.190300875968006,7.672844991748128,7.95096483432779,17.00206296813508,15.548844737844357
201,France,"Meat, cattle",1985,60.20609375993894,8.942052032313466,7.681508809872145,20.109821258189683,12.972679854971059
202,France,"Meat, cattle",1986,60.869565217391305,8.897053670966715,10.034464086638,26.060296225513618,17.622838031533682
203,France,"Meat, cattle",1987,62.60963863107199,8.207699422702772,7.16821356807961,27.963958791822154,19.465856536854528
204,France,"Meat, cattle",1988,59.29289652935452,8.637106714239378,8.119785922802466,31.525397340253,23.27239701589361
205,France,"Meat, cattle",1989,54.42260961780559,9.476007533936873,11.254517597077509,34.547134273882676,26.458138831328945
206,France,"Meat, cattle",1990,62.49009570879423,10.756975497502681,7.988154075468738,40.0909691169164,27.765127742475354
207,France,"Meat, cattle",1991,66.46136283865127,12.225396835810516,9.236244829407346,40.07000186977815,27.7891677519034
208,France,"Meat, cattle",1992,61.768742409731345,11.366593931734482,11.192819976106081,42.53436807825094,34.211550043937166
209,France,"Meat, cattle",1993,56.24717328077699,11.117284500830271,11.042114402485202,38.92226480870745,33.09049132919353
210,France,"Meat, cattle",1994,53.85881098762121,11.715781214306288,11.238540766564364,41.8054024347043,33.923171405963934
211,France,"Meat, cattle",1995,55.830475419731876,10.173995529051217,9.010586994447797,38.68733872412123,35.56984696618928
212,France,"Meat, cattle",1996,57.71473569840811,6.4349770569804265,6.909952386173716,21.25726418197586,24.92495755292179
213,France,"Meat, cattle",1997,57.257753099242336,5.665255196473988,6.8780543016551485,17.405591286168924,23.03462762486851
214,France,"Meat, cattle",1998,54.43629086057371,6.398632421614409,7.080620413609073,19.340326884589725,24.470113408939294
215,France,"Meat, cattle",1999,53.76038704805691,6.4780765208442626,5.891757520272912,17.453481728484988,19.911691297098812
216,France,"Meat, cattle",2000,51.24901870005434,5.865858813583204,5.313043069841717,14.301113146399887,15.680401511034171
217,France,"Meat, cattle",2001,52.55027210037256,3.7243254704122397,2.96580992350227,8.253172821598408,7.762685396775182
218,France,"Meat, cattle",2002,55.59736851881245,3.8756935837383106,4.189803010398268,9.09877172778759,12.916513287426504
219,France,"Meat, cattle",2003,55.25881508468034,3.877282915631158,4.921515781490185,11.12224306406723,18.257027350971406
220,France,"Meat, cattle",2004,53.566079624147946,4.586705320044537,4.900096407136844,14.829352578551449,20.4436425603563
221,France,"Meat, cattle",2005,52.627422559747394,4.99003075834286,5.106225161957646,16.64189667374381,22.751680820948337
222,France,"Meat, cattle",2006,50.717777618574885,4.864887915476909,5.523987896031413,17.74326486471734,26.971381005502735
223,France,"Meat, cattle",2007,51.44682104080997,4.722712036184222,5.977758071087889,18.839352053166976,29.629734884150913
224,France,"Meat, cattle",2008,51.62816342094325,4.197924431726445,6.102589822776287,18.49945551543966,34.0730193300607
225,France,"Meat, cattle",2009,52.233398461056034,4.292399353547048,6.133825409460404,17.153125958394067,32.71399970365163
226,France,"Meat, cattle",2010,52.90196119102685,3.9852314329865903,6.446313562398233,15.338878460086496,31.89640569308899
227,France,"Meat, cattle",2011,54.25491540448637,3.223044053382089,7.276114493084846,15.547394956819238,39.05106203209297
228,France,"Meat, cattle",2012,51.78975066563124,4.293217495007766,7.2414091968049705,22.511371200355004,39.25712780119814
229,France,"Meat, cattle",2013,48.667046643288835,4.203109089202988,6.464757747526387,23.556893969145435,36.78025419045865
230,France,"Meat, cattle",2014,49.045035023377885,3.6355135313646083,5.9024907444423205,20.428345471294737,33.0329376184103
231,France,"Meat, cattle",2015,50.40244509501547,3.1033282393853843,5.80950259164755,15.069081592514333,26.994907212403703
232,France,"Meat, cattle",2016,51.05153311225728,2.624693393740467,5.748167674924397,13.42261710860926,25.944232020723156
233,France,"Meat, cattle",2017,49.926998864953354,2.5724541361600886,5.753079737018198,13.70920859688853,27.418800502440998
234,France,"Meat, cattle",2018,50.94190180773968,2.5873950195568054,5.787907229911968,14.27528166335777,28.6962711225711
235,France,"Meat, cattle",2019,49.909182659306985,2.695171332173307,5.552495273955453,14.074224597121866,26.073587586482265
236,Germany,"Meat, cattle",1961,66.90064516129033,8.560412903225807,0.5541677419354839,4.6656,0.432258064516129
237,Germany,"Meat, cattle",1962,70.79358531428866,13.039550353220234,0.6455422059506007,6.8529366266178515,0.5017274274222657
238,Germany,"Meat, cattle",1963,72.26059169157818,10.238429027935265,0.644469642304917,5.531027729100093,0.4835583960416452
239,Germany,"Meat, cattle",1964,70.0431699044095,10.085106382978724,0.5449686504265597,6.270582793709528,0.5796587521841916
240,Germany,"Meat, cattle",1965,68.13760622504351,10.15833930582574,0.2647691205078325,7.056107300092147,0.325739735845193
241,Germany,"Meat, cattle",1966,73.80548871025549,8.034150837130715,0.22937893605038145,5.588090727561313,0.31339921150990735
242,Germany,"Meat, cattle",1967,75.699361219864,8.453276323923346,0.7866268287657119,5.9315371934885635,1.069235524417886
243,Germany,"Meat, cattle",1968,78.92621208192897,10.355302048224008,1.5320197044334976,8.131501166709878,2.1285455016852475
244,Germany,"Meat, cattle",1969,81.03111041861432,10.11405422249922,2.237664900799834,8.371974654617222,3.1748208164537237
245,Germany,"Meat, cattle",1970,87.43068916574673,9.664458813015823,2.4934027230195026,9.037428376176207,3.710771171739473
246,Germany,"Meat, cattle",1971,88.34080835795694,8.610700717602365,2.6527543267201352,10.062420852680455,4.301287463064584
247,Germany,"Meat, cattle",1972,80.15346456277376,9.152725737505937,2.41717241015357,12.062483508364558,4.989128713916302
248,Germany,"Meat, cattle",1973,83.32539556543367,7.913954595967614,3.9788326189342222,12.459226332222046,8.612795681854262
249,Germany,"Meat, cattle",1974,92.92279900111578,7.201052016364699,6.02986026247277,11.523245311088678,12.19308219542001
250,Germany,"Meat, cattle",1975,91.46551724137932,8.017560664112388,7.1815666240953595,15.047467007237122,18.246966794380587
251,Germany,"Meat, cattle",1976,91.58225823648577,8.31719799552191,8.122134555922806,15.783399083057896,18.822102569570315
252,Germany,"Meat, cattle",1977,90.57672777807473,8.12833395691913,9.979582019348976,17.472446416163343,24.81864343364156
253,Germany,"Meat, cattle",1978,95.63749397073798,7.063133072511924,11.61728924379656,17.797363202743984,32.11302856530361
254,Germany,"Meat, cattle",1979,99.73109605249005,7.6520920727116275,16.712380337743358,20.6243411853286,42.954609013660324
255,Germany,"Meat, cattle",1980,102.19720287272531,7.544359846643987,18.24164371726335,20.265457098115448,48.924239969760784
256,Germany,"Meat, cattle",1981,104.15307946481772,6.16748821840637,19.79643572937544,15.42565408157738,51.70028709170684
257,Germany,"Meat, cattle",1982,100.8603500761035,6.270711024135681,18.130734942378776,14.683191998260492,51.60007610350076
258,Germany,"Meat, cattle",1983,101.15515548281506,7.891325695581015,17.224386252045825,16.09683578832515,46.741625750136386
259,Germany,"Meat, cattle",1984,108.41117917304747,8.502679938744258,19.1379348063881,14.798676438416102,41.51460293152483
260,Germany,"Meat, cattle",1985,109.24890374917781,7.873328217496163,17.970181977636482,13.065007673755755,39.19590002192502
261,Germany,"Meat, cattle",1986,115.87549428822496,6.97039762741652,24.209083919156416,14.461280755711774,58.62999780316345
262,Germany,"Meat, cattle",1987,115.78030344827586,6.8496,18.997020689655173,18.40783448275862,61.882924137931035
263,Germany,"Meat, cattle",1988,109.85146709399348,6.781344974305133,19.99955793777974,19.80046416533127,62.04415096424822
264,Germany,"Meat, cattle",1989,108.18520159503765,6.795469649977846,27.715607000443065,19.306989366415596,77.57299512627381
265,Germany,"Meat, cattle",1990,117.12333629103816,7.040594498669033,27.695874001774623,23.089673913043477,90.99595164152618
266,Germany,"Meat, cattle",1991,127.25881185807657,6.930847338935574,43.746498599439775,22.13562091503268,107.29510971055089
267,Germany,"Meat, cattle",1992,105.5807916937054,8.239572886555365,29.446050380508524,28.8038463807445,84.24588519851336
268,Germany,"Meat, cattle",1993,91.50081575573942,7.438468709940566,22.685176552849317,24.080701549935906,63.286388532805034
269,Germany,"Meat, cattle",1994,82.0603189276635,6.013404206147446,17.570545412526,20.326669748093366,55.79431476773746
270,Germany,"Meat, cattle",1995,81.17396067577697,4.802744623190913,14.025082165715274,17.08948855446001,46.57596724903419
271,Germany,"Meat, cattle",1996,85.47038126550153,5.697698563765357,14.4493857068697,17.4940301090154,39.63286612447367
272,Germany,"Meat, cattle",1997,83.54591100594448,4.076874242511687,15.313095169388815,10.875743059964218,39.775783459340914
273,Germany,"Meat, cattle",1998,78.68531629540091,2.891037817302711,14.181546077246301,8.97674552466471,40.4470154837967
274,Germany,"Meat, cattle",1999,80.10727611940298,1.9211170708955223,9.673215951492537,5.596548507462686,28.233267257462686
275,Germany,"Meat, cattle",2000,76.37098664166862,1.9848839934380127,10.150574173892664,5.320599953128662,26.099777361143662
276,Germany,"Meat, cattle",2001,79.92837853704356,1.3758952682869554,12.245450275918751,3.154984149348362,23.04103557590701
277,Germany,"Meat, cattle",2002,77.58442859668769,1.3857488065067485,12.61672658690399,3.7326575116402427,29.505216007544057
278,Germany,"Meat, cattle",2003,72.12722781012882,1.9856479030645255,11.664078583612728,5.4198576554320335,34.88841832833363
279,Germany,"Meat, cattle",2004,73.94345500499618,2.766766590254511,12.360841709281138,8.929230588373597,40.9787809322283
280,Germany,"Meat, cattle",2005,68.51623510069872,2.723504198226763,9.942457870941224,10.428512712113205,37.05214021490224
281,Germany,"Meat, cattle",2006,70.41071639324915,3.201109406349581,10.989200991384397,12.380502773515873,43.97792989496046
282,Germany,"Meat, cattle",2007,69.95421828908555,4.120648967551622,10.507964601769912,16.351681415929203,42.38448377581121
283,Germany,"Meat, cattle",2008,70.88416760238756,4.837893741504639,12.602151173098516,21.142426570533658,57.43047101235152
284,Germany,"Meat, cattle",2009,70.44978088357219,5.688558569228947,13.759919459907616,22.441726874333767,54.9263295037309
285,Germany,"Meat, cattle",2010,72.15580838323353,6.035269461077844,12.66874251497006,23.34425149700599,50.04784431137725
286,Germany,"Meat, cattle",2011,70.00275136072732,8.90101082600634,14.780369639332497,42.939350439619595,74.92104790956397
287,Germany,"Meat, cattle",2012,68.78630580892943,9.18446951512242,12.421327412385981,43.26530244839174,61.700552088334135
288,Germany,"Meat, cattle",2013,66.86871893154459,8.443133497035396,10.580104210337186,40.085763909684374,52.97424687069533
289,Germany,"Meat, cattle",2014,62.32493318060328,7.394698085419735,10.236186112474773,34.373424971363114,45.821087656139206
290,Germany,"Meat, cattle",2015,61.46005210594876,7.916087711680417,9.603560573165437,31.36609856708641,36.830438558402086
291,Germany,"Meat, cattle",2016,62.99656526005888,7.635808526878203,9.480100316214154,29.597099552938612,34.33306073492531
292,Germany,"Meat, cattle",2017,62.828535116317624,7.934132729181632,8.705641819086036,32.73332596562966,34.816378405260544
293,Germany,"Meat, cattle",2018,60.61765509702104,7.478327411861164,7.766274938507789,32.93413500956545,32.58179830554796
294,Germany,"Meat, cattle",2019,60.455463928785974,6.878215280432527,8.080006553437824,29.142154988804545,30.647807328927968
295,Ireland,"Meat, cattle",1961,25.627482269503545,0.001950354609929078,6.869858156028369,0.0014184397163120568,4.420567375886525
296,Ireland,"Meat, cattle",1962,22.25765893394723,0.0049583849831769085,4.446785904019833,0.003895873915353285,2.992739507703205
297,Ireland,"Meat, cattle",1963,22.837771116205253,0.0,4.9515076706048315,0.00017633574325515782,3.4396050079351084
298,Ireland,"Meat, cattle",1964,19.9078715142958,0.0035298270384751147,7.028768090363572,0.009177550300035298,5.251676667843276
299,Ireland,"Meat, cattle",1965,19.947545037089366,0.0012363122571529496,8.026492405510421,0.005121865065347933,6.053514659131049
300,Ireland,"Meat, cattle",1966,24.00301685891748,0.000354924578527063,7.9595385980479145,0.000354924578527063,5.705590062111801
301,Ireland,"Meat, cattle",1967,39.43349840820658,0.004244782454899187,19.00229925716307,0.0038910505836575876,12.858684117438981
302,Ireland,"Meat, cattle",1968,34.00581600281988,0.008812125484666901,15.22541416989778,0.010927035600986958,9.926683115967572
303,Ireland,"Meat, cattle",1969,34.7838692672641,0.033210332103321034,15.38762959058162,0.0291688631172026,10.490247759620454
304,Ireland,"Meat, cattle",1970,38.175224986765485,0.057702488088935945,19.158461266984293,0.06352567496029646,14.555320275277925
305,Ireland,"Meat, cattle",1971,41.614950634696754,0.058180535966149506,19.144393511988717,0.06787729196050776,17.479901269393512
306,Ireland,"Meat, cattle",1972,35.99208025343189,0.03695881731784583,20.534494896163324,0.0667018655403027,23.917986624428018
307,Ireland,"Meat, cattle",1973,36.48363252375924,0.08447729672650475,16.921682506159804,0.16138683562126013,27.680922210489264
308,Ireland,"Meat, cattle",1974,60.0843288826423,0.07203092059030218,21.29286718200984,0.10892480674631061,31.231026001405482
309,Ireland,"Meat, cattle",1975,73.49081364829397,0.2908136482939633,34.043219597550305,0.45651793525809276,53.44829396325459
310,Ireland,"Meat, cattle",1976,57.37274794472626,0.2099002973587546,24.616931957320272,0.36242784677278295,40.76053874409656
311,Ireland,"Meat, cattle",1977,67.24921356169172,0.26756378888500526,34.80321565886054,0.441279272981475,66.79552603984621
312,Ireland,"Meat, cattle",1978,67.8714859437751,0.022524882137244632,36.87864501484198,0.040160642570281124,84.72847913392701
313,Ireland,"Meat, cattle",1979,67.79098217406501,0.026039846207619715,36.34743096819294,0.07200279622509612,94.09594547361063
314,Ireland,"Meat, cattle",1980,77.94656888423258,0.5762179151388162,46.88423258250393,1.679937139863803,126.22577265584076
315,Ireland,"Meat, cattle",1981,55.18143754361479,1.4542916957431962,28.842637822749477,4.042568039078856,69.92759944173064
316,Ireland,"Meat, cattle",1982,60.22350270647809,0.7338920900995285,27.465165007857518,2.037541470228741,63.969617600838134
317,Ireland,"Meat, cattle",1983,61.88639551192146,1.2650771388499298,29.564866760168304,3.142180925666199,56.53471248246844
318,Ireland,"Meat, cattle",1984,70.62517556179775,1.2198033707865168,21.008602528089888,2.5721558988764044,39.12183988764045
319,Ireland,"Meat, cattle",1985,78.56722173531989,0.862751971954426,23.84820333041192,1.7281332164767749,44.25100788781771
320,Ireland,"Meat, cattle",1986,89.4701440112399,0.43712680014049876,32.23919915700738,0.9943800491745697,64.99929750614682
321,Ireland,"Meat, cattle",1987,85.30957840889046,1.3300405715293702,26.968601164226495,3.4090668548244842,68.89927676838948
322,Ireland,"Meat, cattle",1988,81.07010418506093,1.0752251456825004,22.748896344693627,3.2938371887692037,65.34381070104185
323,Ireland,"Meat, cattle",1989,76.46330680813439,2.995402298850575,25.4420866489832,8.681520778072501,66.95190097259062
324,Ireland,"Meat, cattle",1990,91.16657815542574,1.2359709683129758,20.18799787573022,4.335103558151885,58.6507346432997
325,Ireland,"Meat, cattle",1991,125.41647906348491,2.75123818099955,14.942368302566411,8.714542998649257,52.268122467357045
326,Ireland,"Meat, cattle",1992,128.75594833446635,1.5023793337865399,16.198731021980514,5.542261500113302,60.7906186267845
327,Ireland,"Meat, cattle",1993,120.00454132606721,1.1823342415985467,17.880563124432335,3.9141689373297,63.543823796548594
328,Ireland,"Meat, cattle",1994,102.00455580865604,2.3970387243735765,16.59384965831435,8.0375854214123,57.05239179954442
329,Ireland,"Meat, cattle",1995,109.61494645705172,3.0913647755753018,14.094098883572567,10.508771929824562,53.63089542036911
330,Ireland,"Meat, cattle",1996,124.02672195346695,0.8101819857175766,11.164478230822391,2.543192812715964,36.496199032480995
331,Ireland,"Meat, cattle",1997,128.52629203340103,0.021891220943353645,12.918302866170166,0.09320695102685624,38.03001579778831
332,Ireland,"Meat, cattle",1998,134.69202898550725,0.27875905797101447,14.532835144927537,0.5776721014492754,42.5120018115942
333,Ireland,"Meat, cattle",1999,145.7220461747397,0.3721140787686736,22.303757356269806,0.9133091896785875,62.18741511996379
334,Ireland,"Meat, cattle",2000,130.75702629193108,0.7026291931097008,17.42611060743427,1.4338168631006347,44.272438803263825
335,Ireland,"Meat, cattle",2001,131.38321995464852,0.9201814058956916,11.268027210884354,1.784580498866213,26.124036281179137
336,Ireland,"Meat, cattle",2002,123.48502172421678,1.1932311914017837,13.855476789389435,2.061971186828264,34.88337525726046
337,Ireland,"Meat, cattle",2003,129.9771167048055,1.0421052631578946,13.589702517162472,2.400686498855835,38.9974828375286
338,Ireland,"Meat, cattle",2004,130.91753774680603,0.9937282229965156,12.296864111498257,2.4250871080139373,46.104065040650404
339,Ireland,"Meat, cattle",2005,126.91771269177127,1.0550906555090656,13.596234309623432,2.8365876336587634,49.98117154811715
340,Ireland,"Meat, cattle",2006,126.12676056338029,1.2572769953051643,15.003286384976526,4.704694835680751,60.52323943661972
341,Ireland,"Meat, cattle",2007,135.82787652011226,1.4211880261927035,15.525023386342376,4.133536014967259,64.6576239476146
342,Ireland,"Meat, cattle",2008,116.07258587167856,1.6465759343270685,12.714625189025707,7.0555195506588895,65.5294880103694
343,Ireland,"Meat, cattle",2009,111.99585539147395,1.7057327946503205,12.553766717748676,6.010988436890498,54.898213290610194
344,Ireland,"Meat, cattle",2010,122.39492119089317,1.7609457092819614,12.102014010507881,8.558231173380035,50.990586690017516
345,Ireland,"Meat, cattle",2011,120.10976948408343,1.3448957189901207,11.257299670691548,7.862129527991218,56.01690450054885
346,Ireland,"Meat, cattle",2012,109.28744760644165,1.2925215089344804,10.14648135892345,5.363997352746526,51.39289653651004
347,Ireland,"Meat, cattle",2013,115.61313379495198,1.343980343980344,10.605092696001787,5.159258431985704,55.80612016975653
348,Ireland,"Meat, cattle",2014,130.34034930586654,1.6103896103896105,13.163009404388715,5.593596059113301,65.81370353784146
349,Ireland,"Meat, cattle",2015,127.33634311512415,1.8503386004514673,12.253047404063205,5.063205417607223,52.96704288939052
350,Ireland,"Meat, cattle",2016,131.89867742658598,1.80183815288052,10.699170589553912,4.199955167002914,43.15601882985877
351,Ireland,"Meat, cattle",2017,137.44709289374026,1.6569391846736468,11.311427934952105,4.650924482067276,47.30764089997772
352,Ireland,"Meat, cattle",2018,137.85208148804253,2.5732949512843226,9.712798937112488,5.455048715677591,43.675155004428696
353,Ireland,"Meat, cattle",2019,137.0026525198939,1.3627320954907163,8.605879752431477,3.7325375773651635,35.13373121131742
354,Italy,"Meat, cattle",1961,32.73703041144902,2.6007832519460425,0.007397379490402746,1.2487550161968766,0.006478750664797177
355,Italy,"Meat, cattle",1962,35.08425334108077,4.588030214991284,0.005084253341080767,2.8292659306604686,0.0055200464846019755
356,Italy,"Meat, cattle",1963,33.07654802535349,12.64090687469527,0.004290589956118966,8.514724524622135,0.00477815699658703
357,Italy,"Meat, cattle",1964,31.05170560062555,14.042664451177792,0.0035187176229107614,11.409441892288143,0.00488710780959828
358,Italy,"Meat, cattle",1965,33.05772994129158,11.609784735812132,0.0035714285714285713,11.829941291585127,0.004452054794520548
359,Italy,"Meat, cattle",1966,39.82357265376133,11.499926488605734,0.003969615290370008,11.015339377603528,0.005439843175692232
360,Italy,"Meat, cattle",1967,43.63315177388488,13.305019873399088,0.0018646646057215762,12.62009912164483,0.0025516463025663672
361,Italy,"Meat, cattle",1968,47.71800540407762,10.65099484156227,0.021419798575288626,11.373323507737657,0.018963399656104152
362,Italy,"Meat, cattle",1969,50.7556236713304,12.47036139813121,0.014732782913926929,12.590646166015722,0.014139516487862758
363,Italy,"Meat, cattle",1970,53.32408325074331,13.803518334985133,0.007928642220019821,15.261546085232904,0.008473736372646184
364,Italy,"Meat, cattle",1971,61.363250042495324,16.88101308856026,0.002209756926738059,21.369652671539463,0.004419513853476118
365,Italy,"Meat, cattle",1972,58.640050262737034,17.701222298377886,0.04426547863833676,28.32019648160841,0.06602695910440941
366,Italy,"Meat, cattle",1973,60.690996453495025,20.688079167143346,0.022423063722686192,44.4127102162224,0.048735842580940394
367,Italy,"Meat, cattle",1974,61.38715575362816,15.533310478802422,0.017769397783110503,34.112672837390015,0.035595931893497884
368,Italy,"Meat, cattle",1975,55.0407604041788,16.777130787235258,0.13107267226123195,45.00285437004053,0.10247188445510076
369,Italy,"Meat, cattle",1976,57.99885903360146,14.700838610302927,0.022648183011010327,36.351645844029896,0.049860231616178904
370,Italy,"Meat, cattle",1977,60.03976915604822,16.311296497343008,0.09450888520655963,42.49420033140964,0.20535969373178675
371,Italy,"Meat, cattle",1978,58.15674569333106,16.825231678890216,0.3154812667007789,51.5937802035363,0.6280629939166524
372,Italy,"Meat, cattle",1979,62.726601544752384,17.691219900045432,0.8309291231258519,60.692412539754656,1.7226828714220808
373,Italy,"Meat, cattle",1980,65.30138936339824,18.655449265459517,2.8591276619974946,71.0873476824963,4.773545154310443
374,Italy,"Meat, cattle",1981,63.218335137599,19.65853797504416,2.5232180502535466,68.82884166144379,4.2422653979830205
375,Italy,"Meat, cattle",1982,63.09278056569343,23.103159215328468,1.9563184306569343,77.27326642335767,3.393077098540146
376,Italy,"Meat, cattle",1983,68.81483198146002,23.872653534183083,2.6820973348783315,76.28499420625724,3.520393974507532
377,Italy,"Meat, cattle",1984,68.50301554163767,22.20929018789144,3.883379726281605,60.066051960102065,3.907098121085595
378,Italy,"Meat, cattle",1985,70.43427902895583,27.83076923076923,4.461421468265574,71.48663351857269,5.737642585551331
379,Italy,"Meat, cattle",1986,69.20337988499003,25.861518601103157,5.215232953878653,86.22338927355945,5.301197042600633
380,Italy,"Meat, cattle",1987,68.99888314131202,24.793439924758992,2.895544321655302,97.52204326357865,3.7293087232541735
381,Italy,"Meat, cattle",1988,69.1495932062474,23.27186887582398,2.4639230358097275,96.62272106419621,6.172753726468318
382,Italy,"Meat, cattle",1989,67.97637982195846,26.334955489614245,1.4144213649851631,111.1233827893175,3.018219584569733
383,Italy,"Meat, cattle",1990,69.17191211401425,25.126781472684087,1.1592636579572446,119.2209026128266,3.13895486935867
384,Italy,"Meat, cattle",1991,73.57300361280677,30.700573065902578,4.751526099414476,132.86364768904946,8.593870686433288
385,Italy,"Meat, cattle",1992,76.17786957065965,25.94529978720741,5.362936537739392,124.93246964576292,11.259669545625234
386,Italy,"Meat, cattle",1993,74.62382149591451,23.38152105593966,1.9658076681332495,101.86819610307982,5.292708988057825
387,Italy,"Meat, cattle",1994,74.56578779773277,22.212966501082665,2.860718379824226,99.5683989300726,7.366513819895554
388,Italy,"Meat, cattle",1995,76.98826061436118,18.351138068218873,1.9896302093523772,88.08458879540859,6.018587360594796
389,Italy,"Meat, cattle",1996,76.91295849892501,16.678285230308163,4.333507068864421,73.29500293178708,10.250114013942277
390,Italy,"Meat, cattle",1997,75.55294884327142,19.41707396546106,4.697947214076247,77.42300423590746,9.930856956663408
391,Italy,"Meat, cattle",1998,71.76956858692844,21.682123482304313,3.3373159390338416,89.72610436579696,7.507039524670628
392,Italy,"Meat, cattle",1999,73.70295588328375,17.860117728970188,3.0492436230141147,70.179251851383,6.364896512437496
393,Italy,"Meat, cattle",2000,73.66726354160005,17.50284581441453,2.61814926136727,59.37468823943212,5.331713244228433
394,Italy,"Meat, cattle",2001,73.08973035737324,12.537995097406787,0.8406012127467424,37.173009934202035,1.4483292478389884
395,Italy,"Meat, cattle",2002,74.23557912656321,15.61428664964316,1.2980422968637464,53.915471747528315,2.2870424932888103
396,Italy,"Meat, cattle",2003,75.59327832561884,16.78526866572751,2.0285100959280875,71.94660226739116,4.038840813040853
397,Italy,"Meat, cattle",2004,76.94033460995767,16.495263051804073,2.325068870523416,79.35785795874487,5.363569172881811
398,Italy,"Meat, cattle",2005,74.78094462540717,18.97842019543974,2.4980320304017374,91.24036373507057,6.597991313789359
399,Italy,"Meat, cattle",2006,78.09716257128775,21.560092938111666,2.8056748574244876,110.48524959515595,8.253326761951701
400,Italy,"Meat, cattle",2007,78.98114673068775,19.668832085863578,3.060443440192063,109.54116650190652,9.847620392599914
401,Italy,"Meat, cattle",2008,73.10627230722407,20.016808233959548,3.400174307611432,119.6454361840467,12.321473037655977
402,Italy,"Meat, cattle",2009,75.04155223709807,21.358636571690127,3.097822977457375,118.3070860510356,10.214412404165236
403,Italy,"Meat, cattle",2010,74.60321891707031,21.842153017211295,3.486438950850794,113.55504683203284,11.244364103351527
404,Italy,"Meat, cattle",2011,72.21561295352497,20.879907021064636,3.794738893781673,123.58373157385617,14.609098652960455
405,Italy,"Meat, cattle",2012,69.76378468934372,19.43419039988346,3.352028552698667,113.35829266516134,13.128997013620802
406,Italy,"Meat, cattle",2013,61.784446074834925,18.919369038884813,3.3649303008070435,111.48495964783565,12.98114453411592
407,Italy,"Meat, cattle",2014,52.77571797599149,20.13774502355265,3.711062148609634,111.26067466950312,12.935648077799726
408,Italy,"Meat, cattle",2015,59.61892622634222,19.468752414059484,4.187562765546543,91.11819235225956,12.648976438779451
409,Italy,"Meat, cattle",2016,61.76116141117702,18.222525757102716,4.318997814548861,84.3499063378083,12.468857321261318
410,Italy,"Meat, cattle",2017,57.67948874874577,17.541322426806232,4.009255787010869,84.9585664756829,13.337236689153842
411,Italy,"Meat, cattle",2018,64.99237009075576,17.197172917837925,3.9529355071881778,88.68556742430327,14.112440767809815
412,Italy,"Meat, cattle",2019,59.30190114068441,16.195741444866922,3.7092015209125475,77.3225855513308,11.74235741444867
413,Mexico,"Meat, cattle",1961,3.7938890923145774,0.00028479596403433827,0.0,0.00015256926644696692,0.0
414,Mexico,"Meat, cattle",1962,4.497499465262429,0.00027500789374509824,0.0,0.000488902922213508,0.0
415,Mexico,"Meat, cattle",1963,4.68682791588947,0.00010192744804248336,0.0,0.00016308391686797337,0.0
416,Mexico,"Meat, cattle",1964,4.892859692602678,0.00018358167854848087,0.0,0.0003059694642474681,0.0
417,Mexico,"Meat, cattle",1965,4.9980097776054055,0.0005205197032017065,0.0,0.0003674256728482634,0.0
418,Mexico,"Meat, cattle",1966,5.0996793104152625,0.0006740609105950119,0.0019813305553853383,0.0007047000428947852,0.0014298261739894194
419,Mexico,"Meat, cattle",1967,5.201913347438138,0.0014002596101759012,0.0,0.001471805721644743,0.0
420,Mexico,"Meat, cattle",1968,5.304339821415786,0.0013501212040626374,0.00010228190939868466,0.0011046446215057942,0.00011251010033855312
421,Mexico,"Meat, cattle",1969,5.360099888444258,0.0009108679855489259,0.0,0.001258840024972111,0.0
422,Mexico,"Meat, cattle",1970,5.23510011778563,0.001147129615404312,0.0,0.0017002099656885337,0.0
423,Mexico,"Meat, cattle",1971,5.115042604551363,0.0007117951680455549,0.0,0.0009284284800594194,0.0
424,Mexico,"Meat, cattle",1972,5.156469377251673,0.0010396294390118373,0.0025630468347915595,0.0004323211528564076,0.0035306227483273287
425,Mexico,"Meat, cattle",1973,4.894034907597536,0.0009342915811088295,0.002731006160164271,0.0003593429158110883,0.004034907597535935
426,Mexico,"Meat, cattle",1974,5.038543941117979,0.0002767783005812344,0.002091213826613771,0.0002767783005812344,0.003116318643581306
427,Mexico,"Meat, cattle",1975,5.83894578220623,0.0010148537687978596,5.125524084837675e-05,0.001055857961476561,7.175733718772744e-05
428,Mexico,"Meat, cattle",1976,6.949564843005198,0.000615062890180521,0.0036801262929134506,0.0003587866859386372,0.005761089071357546
429,Mexico,"Meat, cattle",1977,7.651642913494738,0.0008094179362916363,0.011454800668025943,0.00032786549318142234,0.011188409954816037
430,Mexico,"Meat, cattle",1978,7.459092853214933,0.0015988105664066477,0.0014053239373510661,0.0024949591641377626,0.0016191775799914458
431,Mexico,"Meat, cattle",1979,6.656135839506929,0.0014694177432192494,0.05816445233576195,0.0009898161186962999,0.10204289883467009
432,Mexico,"Meat, cattle",1980,7.544866571603178,0.011743735995111021,0.000264819718883683,0.024465267875331025,0.00033611733550621307
433,Mexico,"Meat, cattle",1981,8.510589552998676,0.0918847367885144,0.00021382751247327157,0.21201506974849813,0.0007840342124019957
434,Mexico,"Meat, cattle",1982,8.767126074352845,0.076509179677567,0.0,0.14218583125667497,4.068555154350811e-05
435,Mexico,"Meat, cattle",1983,9.347604434765392,0.039596119580281135,0.0,0.07713324094238765,0.0
436,Mexico,"Meat, cattle",1984,9.155803664221873,0.002236937177697934,0.0,0.004810404727261929,0.0
437,Mexico,"Meat, cattle",1985,9.136599792970868,0.10366244392961009,0.0,0.22908266377483116,0.0
438,Mexico,"Meat, cattle",1986,12.301298291617787,0.006792125471949212,0.0,0.016610640667974488,0.0
439,Mexico,"Meat, cattle",1987,12.40948805460751,0.04502194051682106,0.0,0.07307654802535349,0.0
440,Mexico,"Meat, cattle",1988,12.333698848143152,0.2133215592279551,0.007054759293941834,0.462256552580761,0.047190226198678326
441,Mexico,"Meat, cattle",1989,11.175204228736185,0.32141278231619413,0.010956271023546372,0.7224026910139356,0.05453147525228256
442,Mexico,"Meat, cattle",1990,10.593517893315328,0.2897452235356773,0.002434594059970899,0.6553622885184164,0.00983347757035121
443,Mexico,"Meat, cattle",1991,11.197759858319046,0.583831037926032,0.00018840552404996515,1.443054430355898,0.0006499990579723798
444,Mexico,"Meat, cattle",1992,11.746376333857615,0.37879201710351584,0.00016952824057940986,1.0700528363016473,0.001045424150239694
445,Mexico,"Meat, cattle",1993,11.833471463552458,0.2414861555848559,0.0008287813147485402,0.48446976831795063,0.001544546995667734
446,Mexico,"Meat, cattle",1994,12.851596195498635,0.2033053959883228,0.0003484320557491289,0.47804878048780486,0.0005650249552688577
447,Mexico,"Meat, cattle",1995,13.299458543245915,0.05415509204764819,0.0007344978577145816,0.11726540797589341,0.0013842459626159423
448,Mexico,"Meat, cattle",1996,12.510083717430158,0.11644247954096511,0.0006490452450380962,0.20687611701627318,0.001401561471169222
449,Mexico,"Meat, cattle",1997,12.60531464584705,0.24301570877622047,0.00101589690527702,0.47524221616028595,0.004082400526761358
450,Mexico,"Meat, cattle",1998,12.976891605925228,0.36434516811662354,0.000771220315071714,0.566545967552316,0.00438278861979779
451,Mexico,"Meat, cattle",1999,13.163563004345127,0.2908789947896093,0.0020879182890356073,0.5582642063088991,0.010702932490641987
452,Mexico,"Meat, cattle",2000,13.247606508041004,0.2899746073544625,0.0022665287313081914,0.6084171917614972,0.011313834289476158
453,Mexico,"Meat, cattle",2001,13.558151102768653,0.2537587986860629,0.005358986391365556,0.5940685124354763,0.027010793054903802
454,Mexico,"Meat, cattle",2002,13.773571093383389,0.25403097137494135,0.005903331769122478,0.631553261379634,0.028822149225715625
455,Mexico,"Meat, cattle",2003,14.113186297512904,0.15632097606757392,0.009375879868606288,0.4593430314406382,0.051393711872360394
456,Mexico,"Meat, cattle",2004,14.48559632166651,0.004447780801351224,0.027418598104532232,0.015482781270526415,0.15174063995495918
457,Mexico,"Meat, cattle",2005,14.616749554283569,0.008604672984892559,0.05732382471614901,0.02353382753120015,0.28341934878483627
458,Mexico,"Meat, cattle",2006,15.135516561884208,0.04313596697006662,0.08848644083700855,0.1215351412217322,0.4732194801538895
459,Mexico,"Meat, cattle",2007,15.323711340206186,0.08149015932521086,0.10767572633552015,0.25074976569821933,0.59514526710403
460,Mexico,"Meat, cattle",2008,16.13019205650428,0.09990808378888298,0.10084659668134101,0.3486623772434812,0.5404673213681003
461,Mexico,"Meat, cattle",2009,16.604516857871875,0.06696402485343098,0.13472663173681854,0.22314524454139967,0.6573206599014433
462,Mexico,"Meat, cattle",2010,17.137701729743533,0.04994744958598132,0.20826662213796693,0.2101623660455568,1.0031039123046548
463,Mexico,"Meat, cattle",2011,17.80395175776238,0.036665284933183315,0.2745405736167861,0.21043800951422198,1.3287538737885158
464,Mexico,"Meat, cattle",2012,18.112732808022923,0.029588506844953837,0.3579373607131487,0.209746099968163,1.6845550780006366
465,Mexico,"Meat, cattle",2013,18.160927165631346,0.03994531893934825,0.403383390627827,0.24451681643648351,1.9417807530707838
466,Mexico,"Meat, cattle",2014,18.500744220896912,0.058292240864308786,0.5084800680430535,0.3313453691234394,2.8471562661374428
467,Mexico,"Meat, cattle",2015,18.69672621158542,0.06214219853485049,0.5982288510836635,0.3493662164489883,3.3869980647057036
468,Mexico,"Meat, cattle",2016,19.102236908998474,0.058830706659888155,0.6997661413319777,0.31452974072191153,3.5887544483985767
469,Mexico,"Meat, cattle",2017,19.8733588423973,0.08153961983931353,0.8058354562237647,0.42962489299600864,3.990583648758754
470,Mexico,"Meat, cattle",2018,20.520522117476432,0.08815912151662696,0.8666632135087537,0.5147104527090024,4.203853724230809
471,Mexico,"Meat, cattle",2019,21.09481897627965,0.04475655430711611,1.0237931751976697,0.43641281731169373,4.7562734082397
472,Spain,"Meat, cattle",1961,5.342943123683418,0.11649112247968703,0.0022870899789346976,0.055191092386397834,0.0012940114354498948
473,Spain,"Meat, cattle",1962,4.909725565719788,1.2805127587867116,0.011194029850746268,0.6512698603755417,0.007853875782378431
474,Spain,"Meat, cattle",1963,5.204665479675287,2.511754232429007,0.000362132963152971,1.2160726680146061,0.000241421975435314
475,Spain,"Meat, cattle",1964,6.882972552132629,0.590174945806491,0.0023509296858303056,0.3463194211217293,0.0017708301529630874
476,Spain,"Meat, cattle",1965,5.427968434575152,2.097632593136355,0.0013458126873432434,1.6150975714198323,0.002018719031014865
477,Spain,"Meat, cattle",1966,6.153221793755442,2.7300037318074386,0.003949496205995771,1.9260480159223785,0.004975743251648215
478,Spain,"Meat, cattle",1967,6.64591439688716,3.2938052004199863,0.004416033598912976,2.082360570687419,0.0062689148292261136
479,Spain,"Meat, cattle",1968,7.507105320439068,3.3894088746540625,0.0059703348984732115,2.150626574209397,0.008706738393606766
480,Spain,"Meat, cattle",1969,7.86380545393058,3.4462139145940296,0.004242629200356627,2.1296153964398807,0.00787038460356012
481,Spain,"Meat, cattle",1970,9.594289984121549,3.0775553410753758,0.0049192067000840625,1.9734425106634703,0.009558205423581058
482,Spain,"Meat, cattle",1971,9.901480846897565,1.0461387835026312,0.00731244645698201,0.9351670542161302,0.011412311834536776
483,Spain,"Meat, cattle",1972,9.288258413166298,2.406748956030459,0.012773274379759274,2.5341439449766643,0.02959960697617293
484,Spain,"Meat, cattle",1973,11.499380421313507,2.345972738537794,0.01734820322180917,3.10864312267658,0.05207558859975217
485,Spain,"Meat, cattle",1974,12.968389550470727,0.43500218218093395,0.009071637882661014,0.7599912712762641,0.0296464866886963
486,Spain,"Meat, cattle",1975,14.210081137808967,0.840042605181542,0.003508662009335547,1.262147175840356,0.00980545722251809
487,Spain,"Meat, cattle",1976,13.266277446376444,1.402843000380759,0.0022210940474679526,1.727313110800863,0.006409442822693235
488,Spain,"Meat, cattle",1977,13.637226970560304,1.5882241215574548,0.010098132320354542,2.168566001899335,0.023836657169990505
489,Spain,"Meat, cattle",1978,12.42518584408158,0.8654298240040663,0.0030179808119956794,1.0169959972043967,0.009149247093207954
490,Spain,"Meat, cattle",1979,12.575346834635624,1.2439802264391644,0.002041141763674055,2.16740551746133,0.005772604050390687
491,Spain,"Meat, cattle",1980,13.494749983993854,0.16396696331391256,0.09094692361866957,0.38642038542800433,0.1416864075805109
492,Spain,"Meat, cattle",1981,13.384413253861437,0.5556303275011216,0.4037685060565276,1.5260847272960327,0.5059603922322631
493,Spain,"Meat, cattle",1982,13.46305023885095,0.3958834279118977,0.004777019011894456,0.8021224071046135,0.011092943477285115
494,Spain,"Meat, cattle",1983,13.698158552823877,0.3348705790653113,0.21977201130200383,0.6191094800428697,0.14312623818648307
495,Spain,"Meat, cattle",1984,13.008293065169127,0.3281637717121588,0.3764855687606112,0.5393757346219146,0.20977536894345045
496,Spain,"Meat, cattle",1985,13.045780151081011,0.4605691586350612,0.0010744985673352436,0.6813623339411305,0.003777025266996614
497,Spain,"Meat, cattle",1986,14.363312642927148,0.672329304148971,0.030447566154851356,1.4855276053577262,0.062071218556027444
498,Spain,"Meat, cattle",1987,14.690173523741054,0.5314532204829907,0.25339041207803664,1.5976275285121402,0.6203718832717885
499,Spain,"Meat, cattle",1988,14.725521616848715,0.6683236313689581,0.465072928249068,2.542514225914056,1.096278370069985
500,Spain,"Meat, cattle",1989,14.959089280479462,0.6506628448584737,1.1036122601869647,2.546985440213674,2.9733233445164653
501,Spain,"Meat, cattle",1990,16.864597007088474,0.8125164085061696,1.7904961932265686,3.876673667629299,6.039938304016802
502,Spain,"Meat, cattle",1991,16.76875967205558,0.9810674656744921,1.4825985314938592,4.739883441440848,3.349576899015508
503,Spain,"Meat, cattle",1992,17.8149212325374,0.9848409788962648,2.0507942798639323,4.752039367218204,4.982958486079461
504,Spain,"Meat, cattle",1993,16.248792994372856,1.5450004994506044,1.5151666500183132,6.2489594779076345,4.017980221756068
505,Spain,"Meat, cattle",1994,16.026703773647416,1.533015273498327,1.239406288307988,6.1390849153497005,3.689494086074943
506,Spain,"Meat, cattle",1995,17.10999697163431,0.9317608264073488,1.5387799051112083,5.268178606278812,5.025976647935664
507,Spain,"Meat, cattle",1996,18.733269186104383,0.8153555194266565,1.854142473207472,4.252231328179436,5.5975646172733
508,Spain,"Meat, cattle",1997,19.702984131208623,0.6717788349579161,2.42672743604245,3.343690741541635,6.664892378322632
509,Spain,"Meat, cattle",1998,21.721309833767275,0.7633019560718339,2.985579811736431,4.087989852460111,8.802523532946125
510,Spain,"Meat, cattle",1999,22.19987910537981,0.4314594667203976,2.7821546107864865,2.191987373228558,7.68016656592115
511,Spain,"Meat, cattle",2000,21.87371497681919,0.44658335013102196,2.828495599005577,1.9049250823086743,6.842908015857018
512,Spain,"Meat, cattle",2001,22.047459349593495,0.36341463414634145,1.7649390243902439,1.2390921409214093,3.7926151761517617
513,Spain,"Meat, cattle",2002,23.07481559536354,0.6253441653353276,2.1161494272408987,2.029708691661851,5.0613888983310105
514,Spain,"Meat, cattle",2003,24.229719068363462,0.4660240798545604,2.679312592186053,2.2613453160909684,7.432751346345144
515,Spain,"Meat, cattle",2004,24.55663719858278,0.5364796532627016,2.933198032403426,2.8191668673248254,8.422276495476591
516,Spain,"Meat, cattle",2005,24.527808256754902,0.5106981209710603,3.4670141270058976,2.6646207653271157,11.1429159237416
517,Spain,"Meat, cattle",2006,23.417607381260268,0.7793310732883655,2.9483451577954076,3.9459686156642086,10.99783315276273
518,Spain,"Meat, cattle",2007,22.145622053992287,0.9498643050992716,2.608877303242394,4.985859162976718,10.623518068847307
519,Spain,"Meat, cattle",2008,23.393220098074053,0.7631298415180158,3.3696254708265228,4.066590860635349,14.664167436571672
520,Spain,"Meat, cattle",2009,21.39545942080801,1.1400429031104755,2.720700750804433,5.1513407222023595,11.68716481944941
521,Spain,"Meat, cattle",2010,22.022000363042295,1.312833545108005,2.829733163913596,5.875476493011436,11.652241786168089
522,Spain,"Meat, cattle",2011,22.362959946694307,1.1231583623306434,2.9973717331753904,6.010883245724439,13.694676834234102
523,Spain,"Meat, cattle",2012,21.947850939054266,1.8577685398262935,3.614505233464479,10.110051221141712,17.300497364709376
524,Spain,"Meat, cattle",2013,21.727290410425987,1.8962563404306256,3.607274849251118,10.276248260589828,17.762781859261143
525,Spain,"Meat, cattle",2014,22.018887801941457,1.7879449168485213,3.6567838061554667,9.589923997290992,17.495522612687186
526,Spain,"Meat, cattle",2015,23.55855737211446,1.9191767162718942,4.616823133219198,8.82110134893609,17.42197053788121
527,Spain,"Meat, cattle",2016,24.25265650639427,2.27928438990775,4.661669020814218,10.504917059130348,18.635596995320892
528,Spain,"Meat, cattle",2017,24.485568459734413,2.4415936853145763,4.487074419112298,12.317911067014052,19.115948604192425
529,Spain,"Meat, cattle",2018,25.550995838232748,2.451827745216107,4.60766556838874,12.897025652270223,21.459345732647794
530,Spain,"Meat, cattle",2019,26.526432147064,2.261407245369623,5.434909816503118,11.027947191470258,23.0584627881248
531,United Kingdom of Great Britain and Northern Ireland,"Meat, cattle",1961,45.83191919191919,14.771919191919192,0.17747474747474748,7.83050505050505,0.13772727272727273
532,United Kingdom of Great Britain and Northern Ireland,"Meat, cattle",1962,46.489660751301884,16.826482633095708,0.17548915516456848,8.9140502553213,0.1405025532130037
533,United Kingdom of Great Britain and Northern Ireland,"Meat, cattle",1963,47.93057173241505,18.410391451866108,0.14984554615891021,9.214108472172988,0.13186813186813187
534,United Kingdom of Great Britain and Northern Ireland,"Meat, cattle",1964,44.57534385626554,17.793077196366035,0.5455006851748465,12.156422879764502,0.5182967060853677
535,United Kingdom of Great Britain and Northern Ireland,"Meat, cattle",1965,42.5998978810314,15.048149093694153,0.6022976767934644,11.397140668879244,0.5619096247127904
536,United Kingdom of Great Britain and Northern Ireland,"Meat, cattle",1966,44.428388746803066,9.479335038363171,0.3342710997442455,6.239795396419438,0.31232736572890024
537,United Kingdom of Great Britain and Northern Ireland,"Meat, cattle",1967,47.229722818860594,11.565971156796563,0.33706658484197605,7.307149432341209,0.3081722409737138
538,United Kingdom of Great Britain and Northern Ireland,"Meat, cattle",1968,46.721043961700815,11.324719448162258,0.14722536806342015,7.397508493771235,0.14676207145063316
539,United Kingdom of Great Britain and Northern Ireland,"Meat, cattle",1969,45.0749742002064,14.209287925696595,0.38343653250773996,9.208513931888545,0.4131578947368421
540,United Kingdom of Great Britain and Northern Ireland,"Meat, cattle",1970,50.241392116292644,6.398217412064301,0.2911029762852141,4.531274868693299,0.30622314181123667
541,United Kingdom of Great Britain and Northern Ireland,"Meat, cattle",1971,49.726688956111026,6.494454173963806,0.5506554158042775,5.390383696863557,0.5889189619487343
542,United Kingdom of Great Britain and Northern Ireland,"Meat, cattle",1972,48.251226274258904,4.4247707400298575,2.569097888675624,4.8310940499040305,3.4090957560247386
543,United Kingdom of Great Britain and Northern Ireland,"Meat, cattle",1973,45.67821994009414,3.00716730851519,3.4758237056054773,4.491869918699187,5.737109542148053
544,United Kingdom of Great Britain and Northern Ireland,"Meat, cattle",1974,57.516900955038096,6.133007833458525,2.887380620238223,7.627535143255714,4.059877669277819
545,United Kingdom of Great Britain and Northern Ireland,"Meat, cattle",1975,65.38233869665824,9.487972878437281,5.942797180218479,14.075391486842813,10.657913146424152
546,United Kingdom of Great Britain and Northern Ireland,"Meat, cattle",1976,56.92589401120207,10.066619991383025,5.189034898750538,15.093440327445066,9.868429556225765
547,United Kingdom of Great Britain and Northern Ireland,"Meat, cattle",1977,55.27312060573283,12.452298539751217,4.382855597620336,19.37896160086533,10.30605732828556
548,United Kingdom of Great Britain and Northern Ireland,"Meat, cattle",1978,55.63372659378721,8.701374607641519,4.354908539885269,16.102175560125556,12.497239961034744
549,United Kingdom of Great Britain and Northern Ireland,"Meat, cattle",1979,56.74181660524604,8.074192499458054,4.061836115326252,19.213472794277042,12.42092998048992
550,United Kingdom of Great Britain and Northern Ireland,"Meat, cattle",1980,59.66755103145812,7.5990037359900375,7.086090205208728,21.047484974822677,20.2460880394174
551,United Kingdom of Great Britain and Northern Ireland,"Meat, cattle",1981,56.8231441048035,4.859224890829695,6.1595524017467245,13.402620087336244,15.84132096069869
552,United Kingdom of Great Britain and Northern Ireland,"Meat, cattle",1982,52.787046660467155,4.627153875608555,5.35512280509819,12.048684426453695,13.53328592527761
553,United Kingdom of Great Britain and Northern Ireland,"Meat, cattle",1983,56.98287220026351,4.7231554677206855,8.43324549846289,10.417435221783048,18.86034255599473
554,United Kingdom of Great Britain and Northern Ireland,"Meat, cattle",1984,63.28974837929898,3.9101747060762553,7.266289418745193,7.848203494121525,13.597406878365016
555,United Kingdom of Great Britain and Northern Ireland,"Meat, cattle",1985,64.89431968295905,3.835645090268604,6.718130779392339,7.406153676794363,13.49796345222369
556,United Kingdom of Great Britain and Northern Ireland,"Meat, cattle",1986,58.578985107556534,5.915168229453943,5.422559293987866,12.906784335355765,13.094484280198566
557,United Kingdom of Great Britain and Northern Ireland,"Meat, cattle",1987,61.72753367189225,5.352450872157209,6.885349966880106,13.806911017884742,18.963954515345552
558,United Kingdom of Great Britain and Northern Ireland,"Meat, cattle",1988,51.35433968409054,4.930358790642132,3.9406177061282093,16.865494219182544,14.307387504749498
559,United Kingdom of Great Britain and Northern Ireland,"Meat, cattle",1989,53.41358024691358,3.2212389380530975,5.008958811318693,10.80618376488583,17.286081066317056
560,United Kingdom of Great Britain and Northern Ireland,"Meat, cattle",1990,55.031753007745976,2.0691644234466846,4.495797396033621,7.2944569576443445,16.383673020930615
561,United Kingdom of Great Britain and Northern Ireland,"Meat, cattle",1991,56.19610869205754,2.3798710246376014,4.423303753513752,7.790993771702585,14.884142644546106
562,United Kingdom of Great Britain and Northern Ireland,"Meat, cattle",1992,53.84615384615385,1.8294410625345878,4.118372993912562,6.331322634200332,15.967625899280575
563,United Kingdom of Great Britain and Northern Ireland,"Meat, cattle",1993,50.64446218774952,1.9649823200638759,6.71672179765028,5.901448614121136,20.166362495722595
564,United Kingdom of Great Britain and Northern Ireland,"Meat, cattle",1994,54.397150898960305,1.009018323855477,8.139812740536504,3.4045034177724167,27.930438279051067
565,United Kingdom of Great Britain and Northern Ireland,"Meat, cattle",1995,57.65579147246677,1.225386961275102,8.5335174636055,6.841705506645952,30.557914724667704
566,United Kingdom of Great Britain and Northern Ireland,"Meat, cattle",1996,40.58534354635875,0.9324911398193666,1.8230821996112954,2.5509317480278955,6.006859494683892
567,United Kingdom of Great Britain and Northern Ireland,"Meat, cattle",1997,39.12425362524879,1.1865794711401763,0.015297128234290589,3.0131361956212683,0.0473130508956497
568,United Kingdom of Great Britain and Northern Ireland,"Meat, cattle",1998,39.90181527571641,1.6094303002625872,0.05679872131521863,4.004167142367851,0.15977851352894165
569,United Kingdom of Great Britain and Northern Ireland,"Meat, cattle",1999,39.4331842731866,2.4997967361635403,0.018700272954294675,5.350949532493176,0.0813055345838899
570,United Kingdom of Great Britain and Northern Ireland,"Meat, cattle",2000,41.55859467106814,2.4927493515680266,0.019983494458854043,5.2432209384579105,0.09732374439990568
571,United Kingdom of Great Britain and Northern Ireland,"Meat, cattle",2001,38.04636347549106,3.660355099392438,0.06358756562260368,7.796319235533534,0.19253229516899664
572,United Kingdom of Great Britain and Northern Ireland,"Meat, cattle",2002,40.88124410933082,3.614985862393968,0.02438737040527804,8.026095664467483,0.07528275212064091
573,United Kingdom of Great Britain and Northern Ireland,"Meat, cattle",2003,41.224345364472754,4.558209483368719,0.039690964850200516,11.341531021467327,0.08085633404104742
574,United Kingdom of Great Britain and Northern Ireland,"Meat, cattle",2004,42.167614802650874,4.723593924110022,0.047856430707876374,13.881473227376693,0.18069321447422437
575,United Kingdom of Great Britain and Northern Ireland,"Meat, cattle",2005,44.939844302901626,3.201521585279547,0.046532200990799716,9.905874026893136,0.18034913894786506
576,United Kingdom of Great Britain and Northern Ireland,"Meat, cattle",2006,47.49865455768584,2.9271779347460476,1.6360017939230855,9.872182980154726,4.655118286803454
577,United Kingdom of Great Britain and Northern Ireland,"Meat, cattle",2007,49.980166600555336,3.001530005100017,1.8868929563098544,11.196350654502181,5.566045220150734
578,United Kingdom of Great Britain and Northern Ireland,"Meat, cattle",2008,48.74462791223705,3.63469803211943,2.6186948654150646,15.443847545804116,8.51187514137073
579,United Kingdom of Great Britain and Northern Ireland,"Meat, cattle",2009,48.08080808080808,3.8167388167388165,2.443924963924964,14.202366522366523,6.9404329004329
580,United Kingdom of Great Britain and Northern Ireland,"Meat, cattle",2010,52.717138875987,3.924059451927543,3.156467719461217,15.042324663260567,9.310613098002786
581,United Kingdom of Great Britain and Northern Ireland,"Meat, cattle",2011,54.53274295036122,3.7748193894197155,4.228151945933349,15.78757865299464,14.983978093684456
582,United Kingdom of Great Britain and Northern Ireland,"Meat, cattle",2012,51.507391456175064,4.217029449423816,3.4461645908508904,17.37364683971598,12.451228029333024
583,United Kingdom of Great Britain and Northern Ireland,"Meat, cattle",2013,48.170967419358604,2.8214423774195754,2.7969303503148013,15.604151714069468,9.981570424836823
584,United Kingdom of Great Britain and Northern Ireland,"Meat, cattle",2014,49.94679441929033,2.8683242350434868,2.5172159253571413,15.657152537008981,9.115546264958212
585,United Kingdom of Great Britain and Northern Ireland,"Meat, cattle",2015,50.667137926392016,3.2623911724265793,1.5875703216936166,16.87919880289526,5.452299299909541
586,United Kingdom of Great Britain and Northern Ireland,"Meat, cattle",2016,51.74257250215913,2.836228113492668,1.7265054437851588,13.522907186124396,5.2273570049476366
587,United Kingdom of Great Britain and Northern Ireland,"Meat, cattle",2017,50.85022074783178,3.0063999020259526,1.6738431779866394,14.019377766132608,6.2154702418833185
588,United Kingdom of Great Britain and Northern Ireland,"Meat, cattle",2018,52.12860014840933,2.6189815792566344,1.6015692585726586,12.220594802253887,6.093618510623927
589,United Kingdom of Great Britain and Northern Ireland,"Meat, cattle",2019,51.30272838574237,2.0816895926061565,2.56867260297235,8.657138960444845,8.023264002392123
590,United States of America,"Meat, cattle",1961,16.593458455584134,0.042135465431980136,0.011675742834222328,0.029934593494209055,0.015432091868543427
591,United States of America,"Meat, cattle",1962,16.692246013995778,0.045235151162974024,0.011043016637724638,0.032939856888990995,0.01625483399438277
592,United States of America,"Meat, cattle",1963,17.863375339511556,0.04765054605011292,0.009000029448875619,0.03630819834044259,0.014137725595376979
593,United States of America,"Meat, cattle",1964,20.11549570398987,0.0355958379269815,0.03866636902863703,0.027017484715679753,0.04095104461837034
594,United States of America,"Meat, cattle",1965,20.54966010741661,0.05018663693323514,0.038605281813739324,0.03578335891417913,0.044790569730173695
595,United States of America,"Meat, cattle",1966,21.490719779589025,0.04526001607163357,0.020505108483526574,0.040043623005395476,0.032579497187464126
596,United States of America,"Meat, cattle",1967,21.893465990668656,0.028938197639826604,0.01968495797218974,0.028568343720638538,0.036298520354600315
597,United States of America,"Meat, cattle",1968,22.462396310191718,0.052701384825433975,0.01845822003464932,0.05246732982250829,0.03753829208687571
598,United States of America,"Meat, cattle",1969,22.707700363075183,0.04989126116381557,0.017823064575022907,0.0566383509359348,0.04114852094514373
599,United States of America,"Meat, cattle",1970,23.256929097605894,0.07839548802946593,0.020927716390423574,0.08826887661141805,0.047716390423572744
600,United States of America,"Meat, cattle",1971,23.499164551119318,0.08955458112162475,0.0343872605585045,0.10129009923840296,0.07342257096699746
601,United States of America,"Meat, cattle",1972,23.99735600277585,0.07665741383298635,0.04656257228776313,0.09953273189914412,0.1052232246125376
602,United States of America,"Meat, cattle",1973,22.757342300556587,0.059399350649350646,0.07611549165120594,0.10884276437847866,0.216528293135436
603,United States of America,"Meat, cattle",1974,24.910869959410263,0.047389563834684,0.05152757823869369,0.08070987869573505,0.14908940435839854
604,United States of America,"Meat, cattle",1975,26.202599974892948,0.03686784855797172,0.04849845870587086,0.04556000353358533,0.16319817369431697
605,United States of America,"Meat, cattle",1976,28.283075056142163,0.0631279669330804,0.0849990003673069,0.07923832638239903,0.25630814723892154
606,United States of America,"Meat, cattle",1977,27.524384717810243,0.0550297329265147,0.09736226300220063,0.07372929210305555,0.28269401925494564
607,United States of America,"Meat, cattle",1978,26.349053981777967,0.056917575783054584,0.046199694975978776,0.09601249991241653,0.16792670081254102
608,United States of America,"Meat, cattle",1979,23.180424277669953,0.0645735385822689,0.03757447514147649,0.16255491483383663,0.163024362217193
609,United States of America,"Meat, cattle",1980,23.35323229704575,0.04596380350474002,0.05506080628171981,0.12046813947024848,0.15065056999320353
610,United States of America,"Meat, cattle",1981,24.1800435815332,0.048019095531374734,0.03742266379860006,0.10348161798193678,0.1614665442833687
611,United States of America,"Meat, cattle",1982,24.165563666118835,0.05713040595828919,0.04032461827681566,0.11693814774721313,0.17514412411711663
612,United States of America,"Meat, cattle",1983,24.909654403464078,0.05662043722864448,0.04087399368102383,0.12285146697141161,0.17081170795481676
613,United States of America,"Meat, cattle",1984,25.329219585580866,0.07188704656246306,0.04300195410745041,0.14951355937310934,0.19377652706659032
614,United States of America,"Meat, cattle",1985,25.48916432351489,0.10313422145160281,0.038940748587734324,0.19266154998041257,0.1736953493169896
615,United States of America,"Meat, cattle",1986,26.175304068855052,0.10131224226296305,0.12624971314258956,0.19023688047491996,0.2135401333800032
616,United States of America,"Meat, cattle",1987,25.492565839399646,0.09123125064410655,0.14511134845461274,0.19340060147840019,0.2711524588474475
617,United States of America,"Meat, cattle",1988,25.48085481135876,0.07749421475214781,0.09968895509523408,0.18722420528963715,0.38560433589102183
618,United States of America,"Meat, cattle",1989,24.904672231747192,0.07248892136747333,0.19219670779579714,0.16479758659134133,0.6956210123949521
619,United States of America,"Meat, cattle",1990,24.511181689573437,0.06250175665420614,0.1964173623017323,0.15689030045813543,0.7188205589439464
620,United States of America,"Meat, cattle",1991,24.16234295511397,0.06316928525253661,0.213658337783524,0.15250803376523606,0.7566706015720884
621,United States of America,"Meat, cattle",1992,24.434133545197906,0.14929165618704884,0.1929934254599475,0.33924344602742174,0.6990355617506094
622,United States of America,"Meat, cattle",1993,24.758707926269896,0.17096191493989804,0.1266538676149314,0.4052011121934611,0.48575238563605927
623,United States of America,"Meat, cattle",1994,24.82520735434144,0.2247595212032132,0.1480864987569425,0.4985883520642828,0.5250617966989521
624,United States of America,"Meat, cattle",1995,26.327755814147224,0.2580360309326199,0.16094673429507853,0.5367437919355261,0.6666293774203299
625,United States of America,"Meat, cattle",1996,27.48321667235159,0.3414051202721075,0.1865094425734916,0.650708853583662,0.6777106263181409
626,United States of America,"Meat, cattle",1997,27.908615640478686,0.30870723212456463,0.19663762247369754,0.6644949805367752,0.6486182918158043
627,United States of America,"Meat, cattle",1998,27.88812749042423,0.2680468320356595,0.20867463602419753,0.585742954451166,0.616093567589993
628,United States of America,"Meat, cattle",1999,28.23126360576679,0.23128776695088274,0.2238557867243958,0.5753647734768186,0.7258261312870421
629,United States of America,"Meat, cattle",2000,28.997615824362512,0.2321168728689017,0.3124042287746833,0.5965458410855239,1.0046790653452349
630,United States of America,"Meat, cattle",2001,29.391322684506825,0.2322048276393923,0.32627535281869363,0.636724473663916,0.8728238027300069
631,United States of America,"Meat, cattle",2002,28.784960684058646,0.20886835938256543,0.31301928998896056,0.5458379331047973,0.8931836228768423
632,United States of America,"Meat, cattle",2003,29.86413082296041,0.08373155638327519,0.33108623916916835,0.2722782764998403,1.1503616148571154
633,United States of America,"Meat, cattle",2004,28.93024108378862,0.03361656677100563,0.012276596811135817,0.16277992517329493,0.05413809694346639
634,United States of America,"Meat, cattle",2005,27.075659491121705,0.05013081816323744,0.01836103875724198,0.25339541182293973,0.10520909111162989
635,United States of America,"Meat, cattle",2006,27.229057095830747,0.08911384581403482,0.04098825184282444,0.37900570309238,0.24465316925115793
636,United States of America,"Meat, cattle",2007,28.846813041591098,0.0988282642732022,0.07038504317227054,0.44937528096854706,0.412645909873041
637,United States of America,"Meat, cattle",2008,29.279154679835084,0.08402240629950235,0.17305330245170203,0.4018595174570695,0.9547208667364481
638,United States of America,"Meat, cattle",2009,29.566777601987543,0.09886366692994447,0.1803338818966761,0.4033383299058313,0.8305844033578923
639,United States of America,"Meat, cattle",2010,29.03978877210518,0.1316341340621934,0.2383512980731548,0.572159088256591,1.2904415495451136
640,United States of America,"Meat, cattle",2011,29.552785873072146,0.12295438138399413,0.27416548241096356,0.6181222230890853,1.4631993568973058
641,United States of America,"Meat, cattle",2012,29.562458685821763,0.13960963798591716,0.25689126051401623,0.7182798528249754,1.4873609025977
642,United States of America,"Meat, cattle",2013,29.206688353355943,0.13571688712598512,0.2878226679582882,0.7308356477639009,2.0844046607387514
643,United States of America,"Meat, cattle",2014,28.943345780976408,0.15014613795234663,0.2964844995792642,0.9311534741690993,2.3718759966341136
644,United States of America,"Meat, cattle",2015,26.629856737531526,0.18431320321991546,0.27528997301088387,1.1404983263684134,1.8549105835732325
645,United States of America,"Meat, cattle",2016,28.30399447669498,0.232929301004825,0.2944940169953162,1.2830777719050714,1.8193644349888938
646,United States of America,"Meat, cattle",2017,29.341880729510358,0.2483228903756965,0.3168622949018508,1.398963813229351,2.2771597406197084
647,United States of America,"Meat, cattle",2018,30.110624052786306,0.275771672536365,0.3384536612086806,1.554009142681465,2.686358270043725
648,United States of America,"Meat, cattle",2019,30.429851984717892,0.28576156057652563,0.32140875356837684,1.5676090913972143,2.5225452983501477
